0.452200, 0.000000, 0.000000, 0.000000, 0.000000
0.828599, 1.000000, 0.000000, 0.000000, 0.000000
0.831106, 0.778355, -0.003501, 0.010477, 0.627728
0.843884, 0.775333, -0.003531, 0.010529, 0.631455
0.857111, 0.771372, -0.003606, 0.010455, 0.636288
0.873991, 0.767597, -0.003623, 0.010343, 0.640839
0.890300, 0.763343, -0.003671, 0.010249, 0.645901
0.906832, 0.759647, -0.003776, 0.010148, 0.650245
0.925429, 0.756245, -0.003909, 0.009994, 0.654201
0.941115, 0.752933, -0.003942, 0.009777, 0.658013
0.957068, 0.750535, -0.003833, 0.009541, 0.660750
0.973927, 0.748424, -0.003749, 0.009314, 0.663145
0.991262, 0.746482, -0.003734, 0.009148, 0.665332
1.008117, 0.744751, -0.003742, 0.009054, 0.667270
1.024266, 0.743346, -0.003790, 0.009065, 0.668835
1.041448, 0.742223, -0.003946, 0.009172, 0.670079
1.058399, 0.741232, -0.004152, 0.009356, 0.671170
1.078573, 0.740450, -0.004208, 0.009544, 0.672030
1.090917, 0.739772, -0.004066, 0.009696, 0.672776
1.107517, 0.739539, -0.003859, 0.009715, 0.673033
1.125080, 0.739381, -0.003507, 0.009718, 0.673208
1.141081, 0.739035, -0.003426, 0.009714, 0.673589
1.158152, 0.738550, -0.003563, 0.009704, 0.674120
1.174884, 0.738065, -0.003675, 0.009695, 0.674650
1.191947, 0.737635, -0.003750, 0.009609, 0.675121
1.208752, 0.737084, -0.002602, 0.007828, 0.675751
1.225529, 0.737325, -0.000967, 0.006394, 0.675507
1.241716, 0.737747, -0.000320, 0.006420, 0.675046
1.259245, 0.737045, -0.000233, 0.005635, 0.675821
1.275591, 0.736388, -0.000255, 0.004929, 0.676542
1.291222, 0.736288, -0.000028, 0.004617, 0.676653
1.307876, 0.735879, 0.000398, 0.003758, 0.677103
1.325130, 0.735446, 0.000641, 0.004417, 0.677569
1.341948, 0.735935, 0.000863, 0.007208, 0.677014
1.358170, 0.736884, 0.001280, 0.009996, 0.675944
1.375266, 0.737753, 0.002657, 0.012753, 0.674945
1.393037, 0.739466, 0.005126, 0.016909, 0.672962
1.408953, 0.743062, 0.009379, 0.022682, 0.668772
1.425439, 0.746826, 0.015018, 0.027582, 0.664278
1.441927, 0.749709, 0.021020, 0.031888, 0.660664
1.459316, 0.752505, 0.026728, 0.037510, 0.656975
1.477288, 0.756625, 0.032693, 0.045918, 0.651415
1.492792, 0.762364, 0.041332, 0.055541, 0.643434
1.509385, 0.766971, 0.050436, 0.063125, 0.636574
1.526535, 0.770744, 0.059721, 0.070646, 0.630394
1.541744, 0.774345, 0.068787, 0.078313, 0.624119
1.560875, 0.777112, 0.076070, 0.084320, 0.619032
1.575051, 0.780131, 0.084387, 0.090984, 0.613186
1.592621, 0.782067, 0.089956, 0.095311, 0.609257
1.609178, 0.784158, 0.096203, 0.100020, 0.604845
1.625072, 0.785887, 0.101567, 0.103951, 0.601050
1.642629, 0.787336, 0.106227, 0.107263, 0.597756
1.659566, 0.788744, 0.110909, 0.110495, 0.594452
1.675700, 0.789937, 0.115011, 0.113242, 0.591564
1.693353, 0.792282, 0.119605, 0.117323, 0.586702
1.710350, 0.790829, 0.128644, 0.125788, 0.584994
1.726101, 0.784239, 0.141715, 0.136893, 0.588342
1.742296, 0.778068, 0.155058, 0.147973, 0.590484
1.758833, 0.771499, 0.167990, 0.160107, 0.592397
1.777237, 0.764193, 0.180370, 0.172983, 0.594603
1.792466, 0.754720, 0.194802, 0.186267, 0.598126
1.809059, 0.746318, 0.206795, 0.196608, 0.601324
1.825665, 0.738471, 0.219620, 0.208210, 0.602558
1.844095, 0.731686, 0.232568, 0.220690, 0.601534
1.859566, 0.722297, 0.244962, 0.236449, 0.601974
1.876265, 0.713252, 0.253495, 0.250689, 0.603463
1.898310, 0.703636, 0.263367, 0.263950, 0.604867
1.910968, 0.691734, 0.281605, 0.276710, 0.604678
1.926402, 0.685925, 0.293703, 0.282443, 0.602886
1.942708, 0.680079, 0.310640, 0.291172, 0.596838
1.961270, 0.673808, 0.330664, 0.302031, 0.587726
1.976441, 0.664640, 0.350667, 0.314737, 0.579851
1.992859, 0.657022, 0.362668, 0.326407, 0.574676
2.009868, 0.650665, 0.371709, 0.339337, 0.568610
2.027657, 0.643690, 0.380956, 0.350729, 0.563493
2.042979, 0.634159, 0.391909, 0.360238, 0.560784
2.059652, 0.625824, 0.401650, 0.367175, 0.558752
2.076953, 0.620240, 0.407713, 0.373563, 0.556348
2.094339, 0.617892, 0.408685, 0.380216, 0.553734
2.110009, 0.616591, 0.410900, 0.387062, 0.548780
2.126633, 0.613877, 0.413892, 0.393439, 0.545026
2.143746, 0.607230, 0.417056, 0.400164, 0.545165
2.161486, 0.597918, 0.422810, 0.405779, 0.546873
2.177522, 0.586899, 0.432603, 0.411267, 0.547051
2.194365, 0.576944, 0.443186, 0.416589, 0.545138
2.209996, 0.566170, 0.454137, 0.421035, 0.544004
2.228474, 0.555632, 0.464599, 0.424137, 0.543625
2.244039, 0.545520, 0.474554, 0.427342, 0.542757
2.261016, 0.539991, 0.480590, 0.430882, 0.540170
2.276990, 0.534439, 0.487064, 0.435969, 0.535794
2.294775, 0.528533, 0.494160, 0.440532, 0.531404
2.311090, 0.521242, 0.504313, 0.445884, 0.524560
2.327446, 0.513004, 0.514784, 0.451452, 0.517702
2.344789, 0.503145, 0.526160, 0.457087, 0.510953
2.361399, 0.490728, 0.539314, 0.463800, 0.503205
2.377369, 0.478164, 0.552183, 0.470578, 0.494984
2.394608, 0.464954, 0.563991, 0.478470, 0.486619
2.410750, 0.449667, 0.577395, 0.488225, 0.475448
2.428941, 0.436800, 0.591095, 0.496420, 0.461931
2.444155, 0.423440, 0.603833, 0.506133, 0.447117
2.461550, 0.412540, 0.612223, 0.514529, 0.436180
2.477622, 0.399692, 0.622082, 0.523358, 0.423505
2.495461, 0.387176, 0.631724, 0.530606, 0.411676
2.512219, 0.373078, 0.641817, 0.538340, 0.398840
2.527955, 0.359618, 0.650609, 0.545971, 0.386392
2.544725, 0.346974, 0.659058, 0.552687, 0.373884
2.562983, 0.333817, 0.668406, 0.558665, 0.360129
2.578605, 0.318341, 0.679858, 0.563913, 0.344171
2.595045, 0.304063, 0.689829, 0.567958, 0.330313
2.612109, 0.289093, 0.700335, 0.571484, 0.315217
2.631125, 0.273970, 0.710835, 0.574604, 0.299139
2.645679, 0.258724, 0.720416, 0.578822, 0.281118
2.662020, 0.247773, 0.726865, 0.582132, 0.267205
2.678170, 0.235289, 0.733749, 0.585268, 0.252413
2.696699, 0.222451, 0.741121, 0.587153, 0.237709
2.712646, 0.205067, 0.750191, 0.588231, 0.221685
2.728694, 0.188211, 0.756939, 0.589449, 0.210166
2.745262, 0.171599, 0.762373, 0.591191, 0.199585
2.764257, 0.154226, 0.767875, 0.592943, 0.187084
2.778967, 0.133560, 0.773821, 0.595145, 0.170781
2.795110, 0.117859, 0.778115, 0.596576, 0.157301
2.812226, 0.098787, 0.783721, 0.596880, 0.140558
2.830127, 0.075803, 0.790187, 0.596025, 0.120884
2.845839, 0.049371, 0.796557, 0.594421, 0.098602
2.862420, 0.024823, 0.801197, 0.592744, 0.078240
2.879304, -0.000548, 0.805139, 0.590303, 0.057382
2.896477, -0.025054, 0.808055, 0.587421, 0.036811
2.912277, -0.048464, 0.810011, 0.584185, 0.016187
2.929346, -0.070229, 0.811028, 0.580773, -0.001891
2.946196, -0.093523, 0.811162, 0.576927, -0.020609
2.963780, -0.115131, 0.810635, 0.572807, -0.038844
2.979059, -0.136544, 0.809735, 0.567783, -0.057505
2.995956, -0.154735, 0.808901, 0.562360, -0.074071
3.013224, -0.174568, 0.807587, 0.555631, -0.092757
3.030614, -0.193854, 0.805012, 0.549478, -0.111579
3.046525, -0.212749, 0.801206, 0.544067, -0.129605
3.063072, -0.230220, 0.797040, 0.539044, -0.145457
3.079517, -0.247251, 0.792129, 0.533957, -0.162140
3.097745, -0.262239, 0.787154, 0.528862, -0.178674
3.112955, -0.277448, 0.781833, 0.522506, -0.196840
3.130225, -0.290172, 0.776720, 0.517461, -0.211517
3.146267, -0.304844, 0.769819, 0.512669, -0.227200
3.163392, -0.317299, 0.763807, 0.507713, -0.241141
3.180050, -0.329140, 0.757868, 0.501734, -0.256057
3.196807, -0.339888, 0.751812, 0.495966, -0.270687
3.213569, -0.350829, 0.745476, 0.490396, -0.284072
3.230763, -0.361635, 0.739020, 0.485489, -0.295585
3.246366, -0.371657, 0.733351, 0.479264, -0.307202
3.263633, -0.379931, 0.728594, 0.472620, -0.318485
3.280478, -0.388578, 0.722910, 0.465690, -0.330971
3.297660, -0.397727, 0.716617, 0.459661, -0.342031
3.313034, -0.408683, 0.709519, 0.453905, -0.351471
3.330166, -0.418415, 0.703637, 0.447906, -0.359450
3.346667, -0.429205, 0.698219, 0.438645, -0.368596
3.364216, -0.439028, 0.693446, 0.428148, -0.378253
3.380870, -0.447434, 0.687162, 0.419075, -0.389855
3.396990, -0.454717, 0.680164, 0.412267, -0.400806
3.413794, -0.461163, 0.673283, 0.406202, -0.411119
3.431875, -0.467429, 0.666830, 0.399757, -0.420765
3.446689, -0.474177, 0.660883, 0.392205, -0.429611
3.466080, -0.480131, 0.654960, 0.387136, -0.436610
3.480650, -0.487128, 0.645778, 0.382580, -0.446440
3.498181, -0.491130, 0.639055, 0.379678, -0.454141
3.514121, -0.497702, 0.630930, 0.375499, -0.461758
3.530629, -0.505533, 0.622945, 0.371293, -0.467458
3.547493, -0.514538, 0.613888, 0.367173, -0.472838
3.565232, -0.524001, 0.604241, 0.363242, -0.477881
3.581103, -0.531858, 0.595759, 0.358263, -0.483576
3.597783, -0.536889, 0.590147, 0.353015, -0.488731
3.613883, -0.541561, 0.584745, 0.347923, -0.493695
3.631335, -0.547258, 0.578237, 0.344892, -0.497192
3.647879, -0.555929, 0.568730, 0.343458, -0.499525
3.664246, -0.566351, 0.557896, 0.342034, -0.501010
3.680720, -0.578403, 0.544684, 0.341893, -0.501875
3.698285, -0.591776, 0.529696, 0.342294, -0.502055
3.714727, -0.606710, 0.512725, 0.341864, -0.502140
3.731846, -0.620069, 0.496613, 0.339509, -0.503611
3.748127, -0.631842, 0.480712, 0.335468, -0.507102
3.765558, -0.640875, 0.466542, 0.331237, -0.511761
3.781485, -0.649920, 0.451584, 0.324893, -0.517803
3.798505, -0.662884, 0.435801, 0.313838, -0.521698
3.814495, -0.680359, 0.416127, 0.297964, -0.524564
3.832032, -0.693581, 0.396202, 0.286415, -0.529089
3.848884, -0.704568, 0.373962, 0.278198, -0.535109
3.865410, -0.713450, 0.353115, 0.272530, -0.540395
3.881975, -0.721072, 0.333511, 0.268702, -0.544632
3.899672, -0.727884, 0.314538, 0.265673, -0.548333
3.915236, -0.729510, 0.300288, 0.264145, -0.554860
3.931836, -0.728761, 0.294347, 0.261302, -0.560346
3.948281, -0.732295, 0.289170, 0.252500, -0.562466
3.966577, -0.736870, 0.282727, 0.241901, -0.564421
3.982257, -0.740733, 0.273678, 0.232521, -0.567758
3.998534, -0.743824, 0.264536, 0.226971, -0.570290
4.015690, -0.747624, 0.254606, 0.221781, -0.571880
4.033014, -0.753411, 0.243504, 0.211623, -0.572968
4.050987, -0.759620, 0.230912, 0.197891, -0.574888
4.065062, -0.763357, 0.216368, 0.186984, -0.579231
4.082552, -0.765269, 0.204831, 0.179942, -0.583119
4.098824, -0.768211, 0.192107, 0.169152, -0.586800
4.116193, -0.770932, 0.181642, 0.157513, -0.589797
4.132089, -0.772436, 0.170335, 0.147065, -0.593886
4.149115, -0.772905, 0.159663, 0.139777, -0.597987
4.165583, -0.775026, 0.148239, 0.129705, -0.600447
4.183212, -0.777627, 0.136888, 0.117968, -0.602197
4.199693, -0.778511, 0.125023, 0.106870, -0.605696
4.215812, -0.778256, 0.114771, 0.097883, -0.609560
4.232292, -0.778026, 0.105362, 0.089339, -0.612856
4.249643, -0.777742, 0.095636, 0.080882, -0.615978
4.266044, -0.776951, 0.085357, 0.073037, -0.619457
4.282293, -0.775379, 0.076851, 0.067899, -0.623114
4.299326, -0.773212, 0.070414, 0.063935, -0.626975
4.316669, -0.771860, 0.065024, 0.057334, -0.629855
4.332479, -0.770983, 0.059295, 0.049792, -0.632131
4.349864, -0.769679, 0.052844, 0.045309, -0.634625
4.365945, -0.768610, 0.045006, 0.043015, -0.636681
4.383741, -0.767883, 0.038068, 0.042130, -0.638069
4.400192, -0.767653, 0.031029, 0.041262, -0.638783
4.416253, -0.768870, 0.024800, 0.039565, -0.637698
4.432616, -0.770791, 0.019489, 0.036285, -0.635756
4.450618, -0.771180, 0.015504, 0.033554, -0.635543
4.467012, -0.769607, 0.011949, 0.032872, -0.637559
4.483368, -0.768093, 0.009032, 0.032808, -0.639434
4.500129, -0.766793, 0.006669, 0.032850, -0.641019
4.517260, -0.766008, 0.005429, 0.032660, -0.641978
4.533265, -0.765531, 0.006730, 0.031143, -0.642610
4.550255, -0.764605, 0.009356, 0.029514, -0.643755
4.567153, -0.763157, 0.012208, 0.028312, -0.645478
4.585036, -0.761988, 0.012855, 0.027791, -0.646866
4.600051, -0.761292, 0.009860, 0.028561, -0.647705
4.617461, -0.761100, 0.006377, 0.029234, -0.647944
4.633708, -0.761128, 0.002416, 0.028188, -0.647985
4.651045, -0.760608, -0.001141, 0.026729, -0.648660
4.667600, -0.759553, -0.004839, 0.026081, -0.649904
4.684278, -0.758563, -0.008235, 0.025508, -0.651048
4.700732, -0.757591, -0.011523, 0.024960, -0.652150
4.718892, -0.756657, -0.014641, 0.024446, -0.653191
4.734197, -0.755653, -0.017947, 0.023907, -0.654290
4.751205, -0.754831, -0.020620, 0.023477, -0.655175
4.767739, -0.753944, -0.023472, 0.023024, -0.656115
4.785531, -0.753105, -0.026136, 0.022607, -0.656992
4.800810, -0.752230, -0.028886, 0.022183, -0.657893
4.818010, -0.751671, -0.031157, 0.021971, -0.658436
4.834537, -0.751551, -0.034204, 0.022223, -0.658413
4.851519, -0.751584, -0.036308, 0.022292, -0.658260
4.867826, -0.750923, -0.036403, 0.022124, -0.659014
4.884243, -0.749841, -0.035885, 0.022551, -0.660259
4.910034, -0.749380, -0.036001, 0.023626, -0.660738
4.918200, -0.749159, -0.035158, 0.024550, -0.661001
4.934834, -0.748942, -0.034312, 0.024273, -0.661301
4.951748, -0.748004, -0.033077, 0.023653, -0.662447
4.968379, -0.747231, -0.032878, 0.023246, -0.663344
4.984464, -0.746836, -0.032857, 0.022727, -0.663807
5.001393, -0.746230, -0.032373, 0.022302, -0.664527
5.018266, -0.745930, -0.031653, 0.022052, -0.664906
5.035924, -0.746188, -0.030003, 0.021014, -0.664726
5.051798, -0.747144, -0.028130, 0.018842, -0.663799
5.067729, -0.747782, -0.027256, 0.017337, -0.663158
5.084763, -0.747663, -0.026973, 0.016607, -0.663323
5.102296, -0.747257, -0.027911, 0.016152, -0.663752
5.118212, -0.746589, -0.030283, 0.016225, -0.664398
5.135106, -0.746090, -0.032118, 0.016393, -0.664868
5.152213, -0.745593, -0.033070, 0.016446, -0.665377
5.169796, -0.746026, -0.033097, 0.015075, -0.664923
5.184756, -0.746612, -0.031359, 0.012265, -0.664407
5.201737, -0.746440, -0.029761, 0.010524, -0.664703
5.218994, -0.746615, -0.028933, 0.009007, -0.664566
5.236813, -0.746756, -0.028197, 0.008158, -0.664450
5.251638, -0.746728, -0.027317, 0.008013, -0.664520
5.268603, -0.746698, -0.026593, 0.007810, -0.664586
5.285058, -0.746617, -0.026030, 0.007851, -0.664698
5.302914, -0.746537, -0.025440, 0.007851, -0.664811
5.319283, -0.746426, -0.024504, 0.007456, -0.664975
5.335716, -0.746197, -0.023899, 0.007416, -0.665254
5.352874, -0.745908, -0.023468, 0.007659, -0.665591
5.370415, -0.745590, -0.021503, 0.007445, -0.666017
5.385622, -0.745204, -0.021640, 0.008555, -0.666431
5.402956, -0.745055, -0.023354, 0.010033, -0.666518
5.419268, -0.744894, -0.022942, 0.010058, -0.666712
5.436725, -0.744591, -0.022021, 0.009546, -0.667090
5.452480, -0.744334, -0.021312, 0.009186, -0.667404
5.469024, -0.744176, -0.020899, 0.009002, -0.667596
5.486432, -0.744081, -0.020494, 0.008764, -0.667717
5.503112, -0.744023, -0.020075, 0.008540, -0.667798
5.519510, -0.743994, -0.019663, 0.008357, -0.667845
5.536042, -0.743910, -0.019256, 0.008185, -0.667953
5.552818, -0.743742, -0.018804, 0.008037, -0.668154
5.569998, -0.743554, -0.018339, 0.007911, -0.668378
5.586228, -0.743338, -0.017868, 0.007821, -0.668632
5.603134, -0.743014, -0.017348, 0.007776, -0.669006
5.620190, -0.742567, -0.016793, 0.007727, -0.669517
5.636879, -0.742175, -0.016311, 0.007704, -0.669964
5.652883, -0.741903, -0.015927, 0.007715, -0.670273
5.669859, -0.741705, -0.015620, 0.007681, -0.670501
5.686656, -0.741524, -0.015323, 0.007634, -0.670708
5.704530, -0.741443, -0.015090, 0.007579, -0.670803
5.719848, -0.741490, -0.014890, 0.007443, -0.670758
5.736647, -0.741554, -0.014708, 0.007279, -0.670693
5.753218, -0.741620, -0.014466, 0.007045, -0.670627
5.770837, -0.741640, -0.014175, 0.006807, -0.670614
5.787275, -0.741602, -0.013820, 0.006597, -0.670665
5.803510, -0.741512, -0.013494, 0.006423, -0.670774
5.819922, -0.741422, -0.013172, 0.006299, -0.670880
5.837859, -0.741306, -0.012825, 0.006293, -0.671015
5.853335, -0.741106, -0.012550, 0.006358, -0.671241
5.870704, -0.740924, -0.012337, 0.006414, -0.671445
5.886705, -0.740676, -0.012032, 0.006485, -0.671723
5.904703, -0.740489, -0.011798, 0.006520, -0.671934
5.920057, -0.740384, -0.011512, 0.006467, -0.672055
5.937648, -0.740326, -0.011242, 0.006385, -0.672123
5.953525, -0.740334, -0.010975, 0.006233, -0.672121
5.971541, -0.740417, -0.010758, 0.006045, -0.672034
5.987804, -0.740596, -0.010587, 0.005821, -0.671842
6.003773, -0.740839, -0.010442, 0.005613, -0.671578
6.020811, -0.741074, -0.010284, 0.005453, -0.671323
6.038941, -0.741288, -0.010142, 0.005297, -0.671090
6.053981, -0.741423, -0.009996, 0.005162, -0.670944
6.070778, -0.741487, -0.009871, 0.005099, -0.670875
6.087222, -0.741549, -0.009722, 0.005052, -0.670809
6.105179, -0.741529, -0.009539, 0.005024, -0.670834
6.121358, -0.741463, -0.009262, 0.004985, -0.670911
6.137930, -0.741378, -0.008973, 0.004951, -0.671010
6.154154, -0.741281, -0.008652, 0.004928, -0.671121
6.171359, -0.741247, -0.008382, 0.004842, -0.671163
6.187638, -0.741258, -0.008157, 0.004676, -0.671155
6.204711, -0.741298, -0.007967, 0.004519, -0.671113
6.221237, -0.741417, -0.007838, 0.004375, -0.670985
6.238501, -0.741615, -0.007781, 0.004228, -0.670767
6.254307, -0.741815, -0.007725, 0.004104, -0.670548
6.271153, -0.741998, -0.007639, 0.003994, -0.670346
6.287999, -0.742118, -0.007474, 0.003864, -0.670217
6.305720, -0.742117, -0.007270, 0.003758, -0.670220
6.321646, -0.742143, -0.007087, 0.003642, -0.670194
6.338569, -0.742163, -0.006910, 0.003535, -0.670175
6.355497, -0.742133, -0.006745, 0.003460, -0.670210
6.371973, -0.742061, -0.006637, 0.003390, -0.670291
6.388552, -0.742045, -0.006546, 0.003296, -0.670310
6.405469, -0.742075, -0.006444, 0.003182, -0.670278
6.421610, -0.742068, -0.006321, 0.003043, -0.670288
6.439272, -0.742125, -0.006275, 0.003074, -0.670225
6.455081, -0.741923, -0.007628, 0.004570, -0.670427
6.472029, -0.741508, -0.009075, 0.006643, -0.670849
6.488818, -0.741700, -0.010257, 0.009184, -0.670590
6.505851, -0.742575, -0.011449, 0.011642, -0.669564
6.522892, -0.743161, -0.011231, 0.013546, -0.668881
6.539074, -0.743112, -0.009040, 0.015375, -0.668929
6.555878, -0.744073, -0.003408, 0.013416, -0.667955
6.573212, -0.745684, 0.006587, 0.005805, -0.666242
6.589137, -0.746176, 0.018205, -0.004814, -0.665482
6.605443, -0.746489, 0.027587, -0.017163, -0.664604
6.622418, -0.747062, 0.035793, -0.032255, -0.663006
6.640064, -0.747326, 0.042576, -0.049382, -0.661251
6.656071, -0.747033, 0.048437, -0.068345, -0.659489
6.672901, -0.747256, 0.056675, -0.088889, -0.656121
6.688805, -0.748059, 0.069232, -0.115206, -0.649878
6.706842, -0.748328, 0.082215, -0.142293, -0.642650
6.722374, -0.746630, 0.098468, -0.173042, -0.634747
6.739094, -0.743966, 0.114450, -0.199759, -0.627306
6.756473, -0.740186, 0.134049, -0.230714, -0.617193
6.774136, -0.733701, 0.157040, -0.264063, -0.606046
6.789315, -0.725117, 0.181962, -0.297812, -0.593636
6.806098, -0.717718, 0.204996, -0.327209, -0.579475
6.822587, -0.707868, 0.234708, -0.357140, -0.562393
6.839675, -0.695561, 0.265389, -0.380980, -0.548286
6.857067, -0.681156, 0.292882, -0.399488, -0.539125
6.872559, -0.665120, 0.316610, -0.414525, -0.534362
6.889882, -0.650892, 0.336839, -0.426152, -0.530352
6.906937, -0.635601, 0.359300, -0.437133, -0.525195
6.923357, -0.621295, 0.379279, -0.449376, -0.517882
6.939713, -0.608358, 0.395337, -0.463245, -0.508933
6.957625, -0.595549, 0.409272, -0.477470, -0.499840
6.973705, -0.581805, 0.422910, -0.492331, -0.490164
6.990128, -0.570765, 0.433177, -0.504277, -0.481965
7.007228, -0.560104, 0.441904, -0.517276, -0.472683
7.024088, -0.548034, 0.449784, -0.534002, -0.460647
7.040154, -0.535026, 0.457857, -0.550692, -0.448166
7.057212, -0.523110, 0.466145, -0.562943, -0.438361
7.073613, -0.512372, 0.473272, -0.572309, -0.431220
7.090642, -0.504125, 0.477386, -0.579912, -0.426219
7.107203, -0.496851, 0.479952, -0.588003, -0.420757
7.124358, -0.489876, 0.482359, -0.596608, -0.414018
7.140408, -0.483049, 0.485073, -0.604427, -0.407475
7.157553, -0.477536, 0.486301, -0.611448, -0.401997
7.173546, -0.472123, 0.485943, -0.620399, -0.395050
7.190350, -0.464854, 0.487181, -0.631354, -0.384652
7.207462, -0.455684, 0.490847, -0.641974, -0.373216
7.225187, -0.447641, 0.493482, -0.650619, -0.364401
7.240768, -0.437399, 0.499182, -0.658701, -0.354419
7.256917, -0.425667, 0.508134, -0.665298, -0.343492
7.274081, -0.411675, 0.517962, -0.673403, -0.329800
7.291542, -0.392013, 0.527870, -0.686149, -0.311253
7.307409, -0.367078, 0.536068, -0.702294, -0.290977
7.323851, -0.342369, 0.541715, -0.716012, -0.276868
7.341355, -0.314136, 0.546874, -0.727304, -0.270695
7.358393, -0.282507, 0.554214, -0.734797, -0.270387
7.374131, -0.250655, 0.564788, -0.739790, -0.266265
7.391393, -0.219463, 0.578143, -0.742546, -0.257316
7.407338, -0.184836, 0.594030, -0.743304, -0.245890
7.425280, -0.162750, 0.604393, -0.741445, -0.241828
7.440974, -0.146359, 0.608116, -0.741989, -0.241301
7.457753, -0.128560, 0.613330, -0.741244, -0.240533
7.474553, -0.100775, 0.626463, -0.733977, -0.242210
7.492239, -0.070881, 0.637946, -0.726976, -0.243942
7.507763, -0.052836, 0.645814, -0.725220, -0.232784
7.524426, -0.048023, 0.649779, -0.728542, -0.211444
7.541375, -0.047771, 0.650140, -0.733956, -0.190642
7.558916, -0.042834, 0.652682, -0.735690, -0.175875
7.575085, -0.026729, 0.659893, -0.732868, -0.163499
7.591978, -0.012447, 0.662661, -0.732988, -0.153145
7.609384, -0.005215, 0.664644, -0.735172, -0.133204
7.625328, -0.000803, 0.670803, -0.733948, -0.106500
7.642382, 0.001846, 0.675184, -0.732052, -0.090684
7.658573, 0.005479, 0.678166, -0.730837, -0.077061
7.674901, 0.012068, 0.678411, -0.731756, -0.064384
7.693380, 0.022582, 0.674160, -0.736469, -0.051102
7.708161, 0.037379, 0.667669, -0.742482, -0.039270
7.725926, 0.052000, 0.667469, -0.742277, -0.028368
7.742439, 0.072010, 0.673811, -0.735327, -0.009376
7.759829, 0.089353, 0.679104, -0.728539, 0.007992
7.775900, 0.105824, 0.682788, -0.722473, 0.025175
7.791925, 0.120339, 0.685695, -0.716730, 0.040488
7.808955, 0.134172, 0.688171, -0.710895, 0.055205
7.826438, 0.148238, 0.690386, -0.704593, 0.070293
7.841918, 0.162034, 0.692257, -0.698042, 0.085216
7.859093, 0.173684, 0.693597, -0.692219, 0.097925
7.875438, 0.186035, 0.694772, -0.685747, 0.111507
7.894109, 0.197268, 0.695615, -0.679587, 0.123959
7.909545, 0.209513, 0.696283, -0.672568, 0.137647
7.925786, 0.219163, 0.696618, -0.666808, 0.148523
7.942340, 0.244160, 0.691324, -0.658014, 0.171682
7.960330, 0.283956, 0.678765, -0.644909, 0.206733
7.976082, 0.322950, 0.662800, -0.630340, 0.243044
7.992441, 0.353130, 0.647413, -0.617650, 0.273249
8.009120, 0.383270, 0.630785, -0.603097, 0.302470
8.026994, 0.414547, 0.612236, -0.585426, 0.332557
8.042531, 0.443313, 0.592383, -0.563599, 0.367304
8.059468, 0.460978, 0.577973, -0.547623, 0.391862
8.076556, 0.480082, 0.562620, -0.534548, 0.408947
8.094029, 0.500275, 0.546446, -0.520769, 0.424171
8.110041, 0.516135, 0.532979, -0.505883, 0.440024
8.126839, 0.528049, 0.522971, -0.492319, 0.453087
8.143498, 0.539360, 0.512993, -0.477800, 0.466514
8.160847, 0.548273, 0.503874, -0.464053, 0.479752
8.177104, 0.556937, 0.493533, -0.450047, 0.493664
8.192980, 0.566079, 0.480846, -0.435605, 0.508517
8.210236, 0.576044, 0.465015, -0.420751, 0.524312
8.227386, 0.587919, 0.445977, -0.404149, 0.540481
8.243234, 0.594999, 0.429899, -0.386643, 0.558274
8.260140, 0.600716, 0.419427, -0.370694, 0.570796
8.276793, 0.609025, 0.410037, -0.352082, 0.580514
8.294389, 0.613613, 0.400264, -0.331739, 0.594321
8.310067, 0.616416, 0.388953, -0.313489, 0.608663
8.326986, 0.617671, 0.379963, -0.302574, 0.618514
8.343352, 0.617262, 0.371559, -0.295873, 0.627209
8.361560, 0.618475, 0.362284, -0.288977, 0.634611
8.377279, 0.623561, 0.346523, -0.277152, 0.643645
8.394106, 0.625476, 0.330867, -0.266556, 0.654411
8.410553, 0.623489, 0.316981, -0.256788, 0.666967
8.428316, 0.622579, 0.302835, -0.248665, 0.677386
8.443670, 0.623959, 0.284609, -0.241199, 0.686655
8.461087, 0.625845, 0.265281, -0.234936, 0.694801
8.477395, 0.627370, 0.239227, -0.228568, 0.704936
8.494990, 0.629858, 0.216540, -0.223429, 0.711666
8.511262, 0.634705, 0.199870, -0.217051, 0.714206
8.528056, 0.638072, 0.192124, -0.208348, 0.715921
8.544384, 0.637317, 0.190360, -0.193799, 0.721132
8.561915, 0.635751, 0.190735, -0.182068, 0.725460
8.577446, 0.635286, 0.182586, -0.173432, 0.730065
8.593999, 0.633892, 0.169329, -0.163744, 0.736679
8.611031, 0.633071, 0.158524, -0.152833, 0.742114
8.628348, 0.634379, 0.151329, -0.141232, 0.744793
8.644177, 0.636036, 0.143791, -0.130264, 0.746869
8.661084, 0.634570, 0.135633, -0.122011, 0.751025
8.677490, 0.630773, 0.127817, -0.114539, 0.756749
8.695978, 0.625739, 0.119601, -0.108384, 0.763151
8.712672, 0.620102, 0.108864, -0.104125, 0.769922
8.728748, 0.622209, 0.099536, -0.102000, 0.769769
8.744323, 0.631409, 0.093907, -0.099910, 0.763231
8.762681, 0.642755, 0.092864, -0.096389, 0.754289
8.778635, 0.655203, 0.097104, -0.093582, 0.743318
8.794523, 0.658163, 0.096201, -0.093917, 0.740774
8.811881, 0.652299, 0.088543, -0.093012, 0.747004
8.828669, 0.648507, 0.084136, -0.090001, 0.751172
8.844815, 0.651168, 0.085414, -0.088245, 0.748931
8.861935, 0.654464, 0.086769, -0.088097, 0.745914
8.879067, 0.657319, 0.085409, -0.087517, 0.743625
8.896419, 0.658349, 0.081629, -0.085208, 0.743406
8.912179, 0.658116, 0.076118, -0.081940, 0.744564
8.928572, 0.657607, 0.072733, -0.080218, 0.745538
8.944745, 0.656816, 0.070903, -0.079726, 0.746465
8.962962, 0.654771, 0.069969, -0.076698, 0.748663
8.979157, 0.654475, 0.069123, -0.068049, 0.749836
8.995675, 0.656872, 0.063635, -0.056894, 0.749155
9.012584, 0.660336, 0.053875, -0.046054, 0.747618
9.029532, 0.663782, 0.044908, -0.038708, 0.745573
9.045508, 0.665130, 0.037042, -0.033453, 0.745058
9.062479, 0.664584, 0.028320, -0.028501, 0.746133
9.078495, 0.663700, 0.019345, -0.023019, 0.747395
9.096482, 0.663795, 0.014824, -0.019390, 0.747516
9.112785, 0.664333, 0.012663, -0.016906, 0.747139
9.129406, 0.665531, 0.011176, -0.014706, 0.746142
9.145915, 0.667270, 0.009782, -0.012518, 0.744647
9.163617, 0.668846, 0.008304, -0.010599, 0.743279
9.179505, 0.669355, 0.006234, -0.008587, 0.742867
9.195605, 0.669639, 0.004271, -0.006613, 0.742645
9.213227, 0.670694, 0.001533, -0.003278, 0.741726
9.230788, 0.672357, -0.002779, 0.002150, 0.740218
9.246515, 0.673548, -0.005612, 0.005989, 0.739098
9.263062, 0.673122, -0.007283, 0.007973, 0.739452
9.279629, 0.671932, -0.009389, 0.009841, 0.740488
9.297724, 0.671509, -0.010981, 0.011450, 0.740826
9.313481, 0.671712, -0.011667, 0.012769, 0.740610
9.329955, 0.672005, -0.011789, 0.013441, 0.740331
9.346054, 0.672426, -0.011951, 0.014049, 0.739935
9.364136, 0.672892, -0.011910, 0.014447, 0.739504
9.379486, 0.673398, -0.011896, 0.014820, 0.739036
9.397158, 0.673774, -0.011895, 0.015119, 0.738687
9.412760, 0.674145, -0.011951, 0.015487, 0.738340
9.430151, 0.674493, -0.011998, 0.015870, 0.738013
9.446210, 0.674899, -0.012073, 0.016348, 0.737630
9.463763, 0.675231, -0.012227, 0.016781, 0.737314
9.479854, 0.675614, -0.012439, 0.017263, 0.736948
9.497201, 0.675990, -0.012597, 0.017683, 0.736591
9.513412, 0.676375, -0.012733, 0.018072, 0.736226
9.530053, 0.676808, -0.012840, 0.018414, 0.735817
9.547398, 0.677305, -0.012841, 0.018719, 0.735352
9.563877, 0.677828, -0.012731, 0.018961, 0.734866
9.580029, 0.678296, -0.012633, 0.019152, 0.734430
9.596766, 0.678737, -0.012633, 0.019341, 0.734018
9.614039, 0.679202, -0.012677, 0.019574, 0.733581
9.631771, 0.679587, -0.012740, 0.019831, 0.733216
9.646734, 0.679915, -0.012807, 0.020062, 0.732905
9.663634, 0.680246, -0.012841, 0.020203, 0.732593
9.681442, 0.680635, -0.012884, 0.020379, 0.732226
9.697228, 0.680991, -0.012896, 0.020590, 0.731889
9.713581, 0.681288, -0.012881, 0.020749, 0.731608
9.730518, 0.681581, -0.012870, 0.020916, 0.731330
9.748178, 0.681913, -0.012942, 0.021111, 0.731014
9.764314, 0.682239, -0.013073, 0.021337, 0.730701
9.781221, 0.682546, -0.013151, 0.021541, 0.730406
9.797659, 0.682935, -0.013141, 0.021722, 0.730038
9.815830, 0.683243, -0.012973, 0.021721, 0.729753
9.830972, 0.683686, -0.012158, 0.021464, 0.729359
9.847775, 0.684505, -0.010497, 0.021227, 0.728624
9.864674, 0.684936, -0.008117, 0.020899, 0.728259
9.882561, 0.682770, -0.006862, 0.018977, 0.730355
9.897729, 0.679435, -0.007450, 0.014393, 0.733557
9.914268, 0.678225, -0.009483, 0.010788, 0.734714
9.931604, 0.675967, -0.014024, 0.007320, 0.736762
9.948804, 0.670371, -0.020862, 0.002183, 0.741729
9.965013, 0.664560, -0.028322, -0.001559, 0.746696
9.981561, 0.660383, -0.034367, -0.000716, 0.750142
9.998108, 0.657399, -0.036983, 0.004423, 0.752622
10.016599, 0.655373, -0.034971, 0.013037, 0.754383
10.031450, 0.651465, -0.029443, 0.024943, 0.757697
10.048266, 0.645231, -0.024135, 0.033991, 0.762849
10.065198, 0.635242, -0.018045, 0.042663, 0.770922
10.083117, 0.627423, -0.009766, 0.051099, 0.776939
10.098917, 0.612475, 0.001968, 0.056547, 0.788463
10.115784, 0.589298, 0.014765, 0.056108, 0.805830
10.131468, 0.564221, 0.031857, 0.053866, 0.823248
10.148960, 0.538702, 0.046155, 0.054809, 0.839444
10.165041, 0.497114, 0.056380, 0.057895, 0.863914
10.181643, 0.448769, 0.063129, 0.059647, 0.889417
10.198989, 0.403477, 0.073998, 0.058225, 0.910132
10.216148, 0.362332, 0.089438, 0.053404, 0.926210
10.231797, 0.331016, 0.103191, 0.052561, 0.936492
10.249006, 0.299678, 0.106959, 0.055405, 0.946405
10.265909, 0.247729, 0.100077, 0.052548, 0.962213
10.283555, 0.195638, 0.092561, 0.041603, 0.975412
10.298492, 0.150208, 0.091033, 0.028121, 0.984053
10.315904, 0.118273, 0.093941, 0.019341, 0.988338
10.332201, 0.084064, 0.097679, 0.013950, 0.991563
10.349651, 0.052618, 0.100933, 0.010868, 0.993441
10.365832, 0.020108, 0.104013, 0.007600, 0.994344
10.382792, -0.008975, 0.106554, 0.004573, 0.994256
10.399302, -0.042603, 0.106608, 0.005910, 0.993370
10.416343, -0.077260, 0.103939, 0.011894, 0.991507
10.432233, -0.109017, 0.102505, 0.015517, 0.988619
10.449658, -0.134432, 0.103356, 0.014455, 0.985412
10.466663, -0.161409, 0.102643, 0.010604, 0.981478
10.483602, -0.190557, 0.099618, 0.004696, 0.976597
10.499131, -0.218431, 0.097456, -0.003202, 0.970969
10.516839, -0.238740, 0.096134, -0.010833, 0.966253
10.533353, -0.256909, 0.094413, -0.016967, 0.961663
10.550581, -0.270658, 0.092894, -0.018772, 0.957999
10.566338, -0.282961, 0.091686, -0.018342, 0.954563
10.582838, -0.297069, 0.087212, -0.017897, 0.950696
10.599882, -0.315633, 0.079541, -0.017347, 0.945383
10.617952, -0.331633, 0.073552, -0.016076, 0.940400
10.632878, -0.342001, 0.069051, -0.014473, 0.937047
10.649777, -0.347221, 0.066142, -0.012694, 0.935362
10.666516, -0.352306, 0.063271, -0.013607, 0.933645
10.684717, -0.353139, 0.065592, -0.024648, 0.932943
10.700248, -0.350388, 0.074173, -0.047063, 0.932476
10.718029, -0.352041, 0.077925, -0.060144, 0.930794
10.733297, -0.355690, 0.077766, -0.067015, 0.928949
10.750805, -0.360916, 0.075214, -0.074406, 0.926578
10.766731, -0.375412, 0.068071, -0.081804, 0.920728
10.783358, -0.390346, 0.060958, -0.087135, 0.914506
10.800506, -0.400489, 0.056466, -0.090968, 0.910025
10.818152, -0.411923, 0.052463, -0.094486, 0.904787
10.833324, -0.430117, 0.043617, -0.100140, 0.896141
10.851003, -0.448593, 0.029943, -0.105851, 0.886941
10.867653, -0.470709, 0.008843, -0.111675, 0.875148
10.884319, -0.493316, -0.014154, -0.117402, 0.861775
10.900665, -0.517277, -0.038948, -0.123831, 0.845916
10.917035, -0.539251, -0.062374, -0.129689, 0.829758
10.933552, -0.559768, -0.084916, -0.135116, 0.813138
10.951483, -0.579051, -0.106751, -0.140173, 0.796025
10.966969, -0.598499, -0.129476, -0.145225, 0.777138
10.984326, -0.614088, -0.148257, -0.149230, 0.760688
11.001217, -0.630325, -0.168418, -0.153351, 0.742165
11.017924, -0.644990, -0.187209, -0.157026, 0.724075
11.034575, -0.658442, -0.204992, -0.160347, 0.706202
11.051090, -0.670886, -0.221964, -0.163370, 0.688443
11.067571, -0.681319, -0.231822, -0.182162, 0.669985
11.085427, -0.689011, -0.234186, -0.215588, 0.651109
11.101334, -0.696965, -0.234317, -0.248221, 0.630652
11.118002, -0.704484, -0.229871, -0.271060, 0.614320
11.135158, -0.713901, -0.216211, -0.282676, 0.603069
11.151885, -0.728581, -0.189630, -0.275231, 0.597879
11.168104, -0.746339, -0.153719, -0.252146, 0.596465
11.184640, -0.765496, -0.110176, -0.218146, 0.595222
11.200886, -0.783060, -0.066546, -0.180794, 0.591356
11.219505, -0.794788, -0.040680, -0.156428, 0.584968
11.235136, -0.802418, -0.025909, -0.141402, 0.579189
11.251945, -0.806892, -0.013042, -0.130879, 0.575869
11.268456, -0.812760, 0.000878, -0.123330, 0.569394
11.286511, -0.819946, 0.009544, -0.125130, 0.558516
11.301869, -0.829695, 0.016866, -0.133254, 0.541816
11.318452, -0.838232, 0.023653, -0.140030, 0.526498
11.334646, -0.846233, 0.030649, -0.142921, 0.512370
11.352998, -0.853581, 0.035246, -0.141566, 0.500116
11.368595, -0.861708, 0.038377, -0.138470, 0.486634
11.385025, -0.868214, 0.041097, -0.136322, 0.475323
11.401714, -0.875059, 0.045463, -0.137390, 0.461875
11.419783, -0.881824, 0.053450, -0.142242, 0.446427
11.435302, -0.889024, 0.063632, -0.149789, 0.427961
11.451548, -0.895012, 0.070672, -0.158504, 0.410896
11.468796, -0.900740, 0.076989, -0.168703, 0.392783
11.486593, -0.907616, 0.080920, -0.175997, 0.372437
11.501770, -0.915748, 0.080445, -0.177372, 0.351386
11.518803, -0.921250, 0.077870, -0.176622, 0.337696
11.536061, -0.924393, 0.073743, -0.177447, 0.329503
11.552656, -0.928655, 0.070760, -0.173980, 0.319882
11.569206, -0.933946, 0.068537, -0.166005, 0.309014
11.585874, -0.936494, 0.061859, -0.167055, 0.302069
11.602808, -0.937773, 0.054348, -0.176806, 0.293884
11.620638, -0.941182, 0.054022, -0.185925, 0.276929
11.636258, -0.947634, 0.060844, -0.190446, 0.249034
11.652593, -0.953537, 0.067730, -0.190107, 0.223696
11.669443, -0.958074, 0.070745, -0.191316, 0.201217
11.687608, -0.961577, 0.069707, -0.195202, 0.180021
11.702611, -0.965394, 0.067785, -0.198559, 0.154900
11.719947, -0.968689, 0.066840, -0.200085, 0.130919
11.736859, -0.972533, 0.065294, -0.201096, 0.097345
11.753588, -0.976455, 0.063111, -0.199222, 0.053506
11.769858, -0.979009, 0.058897, -0.195096, 0.003256
11.785821, -0.979191, 0.051811, -0.190996, -0.044965
11.803294, -0.977651, 0.043402, -0.182385, -0.095135
11.820678, -0.973594, 0.032354, -0.166296, -0.153016
11.836012, -0.967008, 0.020769, -0.150514, -0.204475
11.853463, -0.959526, 0.012937, -0.140708, -0.243607
11.870597, -0.949144, 0.006600, -0.132704, -0.285432
11.887465, -0.935488, 0.002832, -0.127089, -0.329700
11.903800, -0.918662, 0.003393, -0.124504, -0.374897
11.919868, -0.904191, 0.008471, -0.120281, -0.409756
11.936933, -0.893325, 0.015627, -0.112250, -0.434886
11.955087, -0.883491, 0.023242, -0.102250, -0.456561
11.969674, -0.872754, 0.033651, -0.088036, -0.478976
11.986601, -0.862454, 0.044023, -0.072709, -0.498948
12.003266, -0.849107, 0.056367, -0.052393, -0.522585
12.021030, -0.834783, 0.071163, -0.028818, -0.545200
12.037300, -0.819453, 0.090599, -0.001417, -0.565939
12.054328, -0.808307, 0.108694, 0.021368, -0.578246
12.070163, -0.799718, 0.125750, 0.042585, -0.585513
12.087485, -0.792827, 0.139092, 0.060120, -0.590308
12.103397, -0.789548, 0.142332, 0.063212, -0.593599
12.120346, -0.787871, 0.136269, 0.054330, -0.598112
12.137089, -0.784006, 0.127860, 0.048645, -0.605492
12.154665, -0.780219, 0.118998, 0.045031, -0.612430
12.171094, -0.776699, 0.111856, 0.040412, -0.618542
12.186995, -0.774977, 0.104632, 0.035411, -0.622261
12.204274, -0.774700, 0.096280, 0.031017, -0.624186
12.222023, -0.775018, 0.087051, 0.026534, -0.625352
12.237130, -0.773739, 0.077730, 0.023727, -0.628270
12.254771, -0.770037, 0.070035, 0.023770, -0.633699
12.270973, -0.764483, 0.059928, 0.027181, -0.641276
12.288328, -0.763745, 0.049397, 0.028444, -0.642996
12.304693, -0.764463, 0.039355, 0.027301, -0.642886
12.321594, -0.761766, 0.031561, 0.031151, -0.646333
12.337291, -0.759714, 0.024772, 0.036049, -0.648785
12.355740, -0.760440, 0.019578, 0.036593, -0.648080
12.371434, -0.759821, 0.016111, 0.035424, -0.648966
12.387714, -0.755744, 0.014728, 0.034453, -0.653795
12.404427, -0.750246, 0.011883, 0.033535, -0.660201
12.422381, -0.744349, 0.007867, 0.033240, -0.666917
12.438659, -0.737793, 0.005038, 0.032905, -0.674206
12.455221, -0.732383, 0.002797, 0.033204, -0.680077
12.471836, -0.730977, 0.000169, 0.032161, -0.681644
12.489366, -0.732255, -0.001399, 0.028544, -0.680431
12.504659, -0.731935, -0.002571, 0.024872, -0.680916
12.521878, -0.730587, -0.001892, 0.022152, -0.682458
12.538095, -0.728730, 0.003811, 0.015762, -0.684610
12.556058, -0.727934, 0.016790, -0.001024, -0.685440
12.571890, -0.728008, 0.028600, -0.016456, -0.684774
12.588717, -0.726861, 0.028588, -0.015518, -0.686014
12.605188, -0.725360, 0.026708, -0.013197, -0.687725
12.623485, -0.724867, 0.027042, -0.014675, -0.688201
12.639360, -0.723866, 0.028873, -0.017686, -0.689109
12.655071, -0.722521, 0.030117, -0.019394, -0.690420
12.671935, -0.721201, 0.030025, -0.019294, -0.691806
12.690032, -0.719389, 0.029677, -0.018735, -0.693720
12.705740, -0.716453, 0.029233, -0.017211, -0.696810
12.721865, -0.713420, 0.029311, -0.015532, -0.699951
12.738648, -0.711236, 0.029228, -0.014444, -0.702197
12.756386, -0.710108, 0.028763, -0.014314, -0.703360
12.772528, -0.710222, 0.028124, -0.015483, -0.703245
12.789156, -0.711563, 0.026737, -0.017005, -0.701907
12.805504, -0.712891, 0.024798, -0.018077, -0.700603
12.823758, -0.712779, 0.023431, -0.018416, -0.700755
12.839579, -0.711066, 0.022379, -0.017296, -0.702556
12.855941, -0.709798, 0.021933, -0.016696, -0.703866
12.873091, -0.709160, 0.021767, -0.017208, -0.704502
12.890038, -0.708378, 0.021414, -0.017548, -0.705290
12.905891, -0.707279, 0.021159, -0.017770, -0.706395
12.922509, -0.706350, 0.020962, -0.018075, -0.707321
12.939993, -0.705152, 0.020800, -0.018197, -0.708518
12.956159, -0.703582, 0.020588, -0.018033, -0.710087
12.973024, -0.702236, 0.020280, -0.017828, -0.711432
12.989331, -0.701065, 0.019763, -0.017494, -0.712609
13.006970, -0.700351, 0.018972, -0.016876, -0.713347
13.023359, -0.699603, 0.018270, -0.016428, -0.714110
13.039906, -0.698705, 0.017929, -0.016341, -0.714998
13.055983, -0.697822, 0.017591, -0.016172, -0.715872
13.073845, -0.696950, 0.017318, -0.015994, -0.716732
13.090174, -0.695945, 0.017073, -0.015796, -0.717718
13.107181, -0.695097, 0.016847, -0.015644, -0.718548
13.123592, -0.694390, 0.015827, -0.014574, -0.719277
13.141324, -0.694359, 0.014323, -0.012789, -0.719372
13.156242, -0.694735, 0.014066, -0.012429, -0.719021
13.173346, -0.694871, 0.014414, -0.012863, -0.718874
13.190256, -0.694912, 0.014769, -0.013304, -0.718820
13.207248, -0.694471, 0.015075, -0.013759, -0.719231
13.223094, -0.693664, 0.014880, -0.013678, -0.720015
13.240111, -0.693051, 0.014721, -0.013582, -0.720610
13.257326, -0.692451, 0.014793, -0.013740, -0.721182
13.274489, -0.691701, 0.014878, -0.013906, -0.721896
13.289982, -0.690935, 0.014770, -0.013893, -0.722633
13.306709, -0.690286, 0.014605, -0.013855, -0.723256
13.323865, -0.689602, 0.014361, -0.013779, -0.723915
13.341545, -0.689086, 0.014030, -0.013660, -0.724415
13.356956, -0.688622, 0.013571, -0.013452, -0.724869
13.374655, -0.688082, 0.013317, -0.013302, -0.725389
13.390687, -0.687450, 0.013188, -0.013209, -0.725991
13.408517, -0.686863, 0.013115, -0.013113, -0.726550
13.423831, -0.686200, 0.013097, -0.013005, -0.727179
13.441214, -0.685695, 0.013017, -0.012919, -0.727658
13.457877, -0.685158, 0.012934, -0.012835, -0.728167
13.474999, -0.684702, 0.012810, -0.012757, -0.728599
13.490793, -0.684284, 0.012623, -0.012657, -0.728997
13.507705, -0.683961, 0.012444, -0.012592, -0.729303
13.524273, -0.683765, 0.012179, -0.012567, -0.729492
13.542080, -0.683704, 0.011839, -0.012541, -0.729555
13.557474, -0.683900, 0.011336, -0.012280, -0.729384
13.574036, -0.684132, 0.011021, -0.012085, -0.729175
13.591337, -0.684193, 0.010857, -0.011959, -0.729122
13.608550, -0.684121, 0.010704, -0.011781, -0.729195
13.624652, -0.683949, 0.010684, -0.011824, -0.729355
13.641442, -0.683702, 0.010700, -0.011959, -0.729585
13.657539, -0.683367, 0.010674, -0.012011, -0.729898
