0.452200, 0.000000, 0.000000, 0.000000, 0.000000, 0.000000, 0.000000, 0.000000, 0.000000, 0.000000
0.828599, -0.205908, 0.067040, 9.823709, 0.006109, 0.003665, 0.003665, 24.300001, 3.500000, -44.299999
0.831106, -0.196331, 0.055068, 9.835681, -0.002443, 0.003665, -0.014661, 24.300001, 3.400000, -44.299999
0.843884, -0.174782, 0.057463, 9.826104, -0.003665, 0.000000, -0.001222, 24.300001, 3.400000, -44.299999
0.857111, -0.177176, 0.059857, 9.823709, 0.000000, 0.000000, -0.008552, 24.300001, 3.400000, -44.200001
0.873991, -0.186753, 0.059857, 9.850046, -0.006109, 0.002443, 0.004887, 24.300001, 3.500000, -44.200001
0.890300, -0.189148, 0.045491, 9.838076, -0.003665, -0.003665, 0.004887, 24.200001, 3.400000, -44.100002
0.906832, -0.174782, 0.038308, 9.840469, -0.004887, 0.004887, -0.001222, 24.200001, 3.400000, -44.100002
0.925429, -0.146051, 0.045491, 9.771035, 0.004887, 0.004887, -0.010996, 24.200001, 3.400000, -44.100002
0.941115, -0.146051, 0.045491, 9.816526, 0.002443, -0.008552, -0.001222, 24.300001, 3.400000, -44.000000
0.957068, -0.155628, 0.045491, 9.809344, -0.001222, -0.001222, -0.007330, 24.300001, 3.400000, -44.000000
0.973927, -0.158022, 0.045491, 9.814133, -0.001222, 0.000000, 0.001222, 24.300001, 3.400000, -44.000000
0.991262, -0.169994, 0.045491, 9.845258, 0.003665, 0.000000, -0.003665, 24.300001, 3.400000, -43.900002
1.008117, -0.191542, 0.045491, 9.850046, 0.004887, -0.003665, -0.006109, 24.300001, 3.400000, -43.900002
1.024266, -0.217879, 0.045491, 9.835681, -0.003665, 0.000000, -0.003665, 24.300001, 3.400000, -43.900002
1.041448, -0.217879, 0.052674, 9.816526, 0.001222, -0.002443, -0.002443, 24.300001, 3.400000, -43.799999
1.058399, -0.196331, 0.071828, 9.818921, 0.002443, 0.001222, 0.009774, 24.300001, 3.400000, -43.900002
1.078573, -0.165205, 0.088588, 9.823709, -0.002443, 0.006109, 0.003665, 24.300001, 3.400000, -43.799999
1.090917, -0.141262, 0.112531, 9.835681, -0.008552, 0.002443, 0.004887, 24.200001, 3.400000, -43.900002
1.107517, -0.160416, 0.110137, 9.816526, -0.003665, -0.006109, 0.004887, 24.200001, 3.400000, -43.900002
1.125080, -0.196331, 0.047885, 9.826104, -0.007330, -0.001222, 0.001222, 24.300001, 3.400000, -43.900002
1.141081, -0.193936, 0.045491, 9.850046, 0.007330, -0.002443, 0.000000, 24.300001, 3.400000, -43.900002
1.158152, -0.191542, 0.045491, 9.838076, 0.000000, -0.002443, 0.007330, 24.300001, 3.400000, -43.900002
1.174884, -0.181965, 0.045491, 9.859624, -0.001222, -0.010996, 0.006109, 24.300001, 3.400000, -43.900002
1.191947, 0.471672, -0.016760, 9.821315, 0.006109, -0.024435, -0.113621, 24.300001, 3.400000, -44.000000
1.208752, -0.179571, 0.227456, 9.847652, 0.006109, -0.050091, -0.024435, 24.400000, 3.400000, -43.900002
1.225529, -0.090982, 0.045491, 9.862018, 0.007330, -0.057421, -0.001222, 24.300001, 3.400000, -43.900002
1.241716, -0.076617, -0.076617, 9.888355, 0.001222, -0.084299, -0.019548, 24.300001, 3.400000, -43.900002
1.259245, -0.208302, 0.045491, 9.830893, 0.007330, -0.109956, -0.006109, 24.300001, 3.400000, -43.900002
1.275591, -0.169994, 0.045491, 9.857229, 0.003665, -0.139277, -0.007330, 24.300001, 3.400000, -43.900002
1.291222, 0.047885, -0.043097, 9.864412, 0.012217, -0.094073, -0.020769, 24.300001, 3.400000, -43.900002
1.307876, -0.014366, 0.047885, 10.513261, 0.226020, 0.261450, -0.028100, 24.300001, 3.400000, -43.900002
1.325130, -0.459701, 0.122108, 10.144543, 0.213803, -0.059865, -0.032987, 24.300001, 3.400000, -43.900002
1.341948, -0.390267, 0.126897, 10.242707, 0.238237, 0.034208, -0.026878, 24.300001, 3.400000, -43.900002
1.358170, 0.045491, 0.158022, 10.838882, 0.459371, 0.160047, -0.136834, 24.200001, 3.300000, -43.799999
1.375266, -0.316044, 0.356747, 10.843671, 0.544892, 0.200364, -0.149051, 24.300001, 3.300000, -43.799999
1.393037, -0.306467, 0.708705, 10.398335, 0.692721, 0.010996, -0.131947, 24.300001, 3.300000, -43.799999
1.408953, -0.136474, 0.725465, 10.506078, 0.761138, 0.019548, -0.133169, 24.200001, 3.200000, -43.700001
1.425439, -0.040703, 0.622511, 10.664100, 0.855211, 0.028100, -0.141721, 24.200001, 3.100000, -43.600002
1.441927, -0.682368, 0.842785, 10.362421, 0.993267, 0.004887, -0.043982, 24.100000, 2.800000, -43.500000
1.459316, -0.900247, 1.087001, 10.367210, 1.061684, 0.031765, -0.014661, 24.100000, 2.700000, -43.400002
1.477288, -0.440547, 1.893871, 10.721562, 1.198518, 0.134390, -0.031765, 24.100000, 2.300000, -43.299999
1.492792, -0.284919, 1.596981, 10.683254, 1.314582, 0.097738, -0.062308, 24.100000, 2.200000, -43.200001
1.509385, -0.347170, 1.721484, 10.613820, 1.412320, 0.169821, -0.084299, 24.100000, 2.000000, -43.200001
1.526535, -0.347170, 1.721484, 10.613820, 1.412320, 0.169821, -0.084299, 24.100000, 2.000000, -43.200001
1.541744, -0.347170, 1.721484, 10.613820, 1.412320, 0.169821, -0.084299, 24.100000, 2.000000, -43.200001
1.560875, -0.347170, 1.721484, 10.613820, 1.412320, 0.169821, -0.084299, 24.100000, 2.000000, -43.200001
1.575051, -0.347170, 1.721484, 10.613820, 1.412320, 0.169821, -0.084299, 24.100000, 2.000000, -43.200001
1.592621, -0.347170, 1.721484, 10.613820, 1.412320, 0.169821, -0.084299, 24.100000, 2.000000, -43.200001
1.609178, -0.347170, 1.721484, 10.613820, 1.412320, 0.169821, -0.084299, 24.100000, 2.000000, -43.200001
1.625072, -0.347170, 1.721484, 10.613820, 1.412320, 0.169821, -0.084299, 24.100000, 2.000000, -43.200001
1.642629, -0.347170, 1.721484, 10.613820, 1.412320, 0.169821, -0.084299, 24.100000, 2.000000, -43.200001
1.659566, -0.347170, 1.721484, 10.613820, 1.412320, 0.169821, -0.084299, 24.100000, 2.000000, -43.200001
1.675700, -0.758985, 2.185973, 10.166091, 1.572367, 0.196699, -0.208916, 24.200001, 1.600000, -43.200001
1.693353, -0.574626, 4.484477, 9.519637, 1.265713, 0.288328, 0.401949, 26.300001, -11.800000, -39.700001
1.710350, -0.397450, 5.262616, 9.543579, 1.450194, 0.408058, 0.357967, 26.300001, -13.400001, -39.299999
1.726101, -0.344776, 5.284164, 9.519637, 1.621236, 0.441045, 0.311541, 26.300001, -13.700000, -38.799999
1.742296, -0.665608, 5.276982, 9.531608, 1.808161, 0.491136, 0.241903, 27.400000, -14.400001, -38.500000
1.758833, -0.624906, 5.164451, 9.227535, 1.935221, 0.443488, 0.245568, 27.600000, -15.400001, -37.900002
1.777237, -0.299284, 4.790944, 8.099832, 2.058616, 0.255342, 0.179594, 27.200001, -18.000000, -37.000000
1.792466, -0.567443, 4.968120, 7.589851, 1.915673, 0.227242, 0.271224, 27.400000, -19.300001, -35.400002
1.809059, -0.893064, 5.502044, 7.127756, 1.809383, 0.191812, 0.299324, 27.000000, -20.900000, -35.100002
1.825665, -1.079818, 5.815693, 7.046351, 1.871691, 0.216246, 0.260229, 27.600000, -22.400000, -34.000000
1.844095, -0.888276, 5.643306, 7.022408, 2.087937, 0.594983, 0.182038, 27.800001, -23.500000, -32.500000
1.859566, -1.166012, 5.667248, 6.658478, 2.047620, 0.610865, 0.284663, 28.100000, -24.400000, -32.400002
1.876265, -0.600963, 5.961744, 6.586650, 1.973095, 0.405615, 0.331089, 28.100000, -25.100000, -31.200001
1.898310, -0.263370, 6.797346, 6.462148, 2.057394, -0.117286, 0.207694, 28.500000, -26.500000, -29.700001
1.910968, -0.308861, 6.773404, 6.330462, 2.062281, -0.138056, 0.207694, 28.500000, -26.500000, -29.700001
1.926402, -1.326428, 7.544360, 4.786155, 2.241875, -0.274889, 0.397062, 28.900000, -29.900000, -26.600000
1.942708, -1.000807, 7.431829, 4.917840, 2.331062, -0.256563, 0.427606, 28.900000, -29.900000, -26.600000
1.961270, -0.797293, 6.797346, 4.525179, 2.477669, -0.087965, 0.205251, 26.900000, -32.200001, -24.900000
1.976441, -1.213897, 7.099025, 4.412649, 2.075720, 0.101404, -0.021991, 27.900000, -32.799999, -22.900000
1.992859, -1.546702, 8.456578, 4.359974, 1.646893, 0.291994, -0.130725, 27.300001, -33.900002, -20.900000
2.009868, -0.086194, 8.657698, 4.359974, 1.650558, 0.518014, -0.097738, 27.300001, -34.500000, -21.600000
2.027657, -0.253793, 8.573898, 3.871542, 1.616349, 0.367741, 0.150273, 27.800001, -35.400002, -19.000000
2.042979, -0.232245, 8.561927, 3.735069, 1.558928, 0.301767, 0.196699, 28.000000, -35.700001, -19.500000
2.059652, -1.568250, 8.145323, 3.545921, 0.697608, 0.024435, -0.032987, 27.700001, -36.400002, -17.000000
2.076953, -1.755003, 8.482916, 3.450150, 0.603535, 0.106291, -0.111177, 27.000000, -36.900002, -16.200001
2.094339, -1.819649, 9.629773, 3.146077, 0.649961, 0.327424, -0.151495, 28.200001, -36.700001, -16.600000
2.110009, -1.139675, 9.715967, 4.022382, 1.018923, 0.561996, -0.052534, 28.200001, -36.799999, -17.600000
2.126633, -0.670397, 9.857229, 3.940976, 1.137431, 0.423940, 0.096517, 28.000000, -37.100002, -14.900001
2.143746, -0.067040, 9.500483, 3.706337, 1.369560, 0.290772, 0.276111, 28.900000, -37.299999, -14.600000
2.161486, -0.524346, 9.852441, 2.853976, 1.601689, 0.268781, 0.551000, 27.900000, -38.500000, -13.000000
2.177522, -0.550683, 9.852441, 2.669616, 1.604132, 0.283441, 0.552222, 27.900000, -38.500000, -13.000000
2.194365, -0.086194, 8.324894, 2.437372, 1.635897, 0.078191, 0.692721, 27.600000, -39.000000, -11.600000
2.209996, -0.023943, 8.408693, 2.032739, 1.629789, -0.097738, 0.678060, 27.400000, -39.600002, -9.600000
2.228474, -0.483644, 9.316123, 2.480469, 1.215622, -0.360410, 0.400728, 26.500000, -40.600002, -8.600000
2.244039, -0.598569, 9.601042, 1.819649, 1.254717, -0.146608, 0.039095, 26.900000, -40.600002, -8.300000
2.261016, 0.028731, 8.794171, 1.709512, 1.345125, -0.161268, -0.081856, 26.900000, -40.700001, -6.800000
2.276990, 0.033520, 8.667274, 1.338400, 1.499063, -0.168599, 0.002443, 25.800001, -40.799999, -7.300000
2.294775, -0.126897, 9.524426, 0.907430, 1.715310, -0.061087, 0.116064, 26.600000, -40.900002, -6.000000
2.311090, 0.062251, 9.850046, 0.668003, 1.859474, 0.064752, 0.204029, 26.700001, -41.700001, -5.300000
2.327446, 0.356747, 9.522031, 0.392661, 2.064724, 0.141721, 0.252898, 26.600000, -41.400002, -4.900000
2.344789, 0.138868, 8.985713, 0.131685, 2.423913, 0.087965, 0.386067, 25.900000, -41.900002, -2.700000
2.361399, 0.071828, 9.107821, -0.040703, 2.423913, 0.087965, 0.386067, 25.900000, -41.900002, -2.700000
2.377369, 0.201119, 9.055147, -0.799688, 2.646268, 0.168599, 0.252898, 25.900000, -42.600002, 3.200000
2.394608, 0.033520, 8.485310, -1.585010, 2.646268, 0.134390, 0.199142, 24.800001, -42.299999, 4.200000
2.410750, -0.284919, 8.016032, -2.121327, 2.574186, 0.228464, 0.078191, 25.400000, -41.900002, 4.700000
2.428941, -0.421392, 8.657698, -2.037528, 2.417805, 0.127060, 0.015882, 24.900000, -41.900002, 8.300000
2.444155, -0.282524, 8.664881, -2.418218, 2.409253, 0.122173, -0.018326, 25.100000, -41.799999, 9.300000
2.461550, -0.186753, 9.098245, -2.932987, 2.478891, 0.094073, 0.028100, 23.900000, -41.600002, 11.300000
2.477622, 0.287313, 9.385557, -3.500430, 2.488665, 0.047647, -0.009774, 24.400000, -40.700001, 12.000000
2.495461, 0.143656, 9.481328, -3.687183, 2.485000, 0.037874, -0.041539, 23.900000, -40.700001, 14.400001
2.512219, -0.079011, 8.585870, -3.940976, 2.574186, -0.190590, 0.098960, 24.400000, -39.600002, 18.000000
2.527955, -0.057463, 8.320105, -4.096604, 2.576630, -0.227242, 0.095295, 24.200001, -38.500000, 18.400000
2.544725, 0.045491, 8.061523, -4.383917, 2.570521, -0.299324, 0.153938, 24.200001, -38.600002, 19.500000
2.562983, -0.031126, 7.946598, -5.863579, 2.572964, -0.073304, 0.219911, 24.800001, -36.600002, 22.600000
2.578605, 0.031126, 7.632948, -5.837242, 2.566856, -0.058643, 0.215025, 23.900000, -35.600002, 23.500000
2.595045, -0.215485, 7.225921, -6.850020, 2.502104, -0.028100, 0.190590, 23.100000, -34.600002, 26.000000
2.612109, -0.495615, 7.647314, -7.273807, 2.439796, -0.054978, 0.272446, 22.900000, -33.900002, 28.000000
2.631125, -0.742225, 7.300144, -7.326481, 2.399479, -0.331089, 0.158825, 23.000000, -31.500000, 29.400000
2.645679, 0.033520, 6.840443, -7.309721, 2.378709, -0.464258, 0.139277, 23.900000, -31.200001, 31.200001
2.662020, 0.167599, 6.735095, -7.391126, 2.379931, -0.449597, 0.131947, 23.100000, -30.700001, 31.600000
2.678170, 0.213090, 6.237086, -8.051947, 2.415361, -0.355524, 0.162490, 22.900000, -29.500000, 31.100000
2.696699, 0.153234, 5.276982, -8.087860, 2.453235, 0.114843, 0.313985, 23.600000, -27.400000, 34.500000
2.712646, 0.330410, 5.135719, -7.953781, 2.397035, 0.217468, 0.382402, 24.200001, -25.600000, 35.000000
2.728694, 0.155628, 5.224308, -8.073495, 2.443461, 0.146608, 0.377515, 22.900000, -24.600000, 35.900002
2.745262, 0.033520, 4.324060, -8.537984, 2.608395, 0.145386, 0.268781, 23.000000, -23.200001, 38.100002
2.764257, 0.119714, 3.957736, -8.482916, 2.663373, 0.052534, 0.197920, 23.500000, -20.700001, 39.400002
2.778967, 0.165205, 3.701549, -8.662486, 2.755002, -0.085521, 0.195477, 21.900000, -20.800001, 39.100002
2.795110, 0.098165, 2.583422, -8.356019, 3.194825, 0.010996, 0.298102, 22.000000, -18.200001, 43.100002
2.812226, 0.150839, 2.164424, -8.049552, 3.390302, -0.037874, 0.335976, 21.800001, -17.400000, 42.900002
2.830127, 0.292102, 1.276148, -8.954588, 3.715282, -0.018326, 0.282220, 22.400000, -12.700000, 44.900002
2.845839, 0.134079, 1.278543, -9.452597, 3.776369, 0.007330, 0.301767, 22.100000, -11.800000, 44.100002
2.862420, 0.174782, 1.055875, -9.950606, 3.759265, 0.048869, 0.322537, 21.400000, -10.500000, 44.200001
2.879304, 0.179571, 0.471672, -10.283410, 3.528358, -0.069639, 0.277333, 21.900000, -7.500000, 45.200001
2.896477, 0.033520, -0.320833, -10.331296, 3.415958, -0.075747, 0.340863, 22.400000, -3.600000, 46.500000
2.912277, 0.325621, -1.185166, -9.876384, 3.346320, 0.113621, 0.390954, 21.300001, 1.100000, 44.799999
2.929346, 0.074223, -1.592193, -10.278622, 3.264464, 0.056200, 0.433714, 21.500000, 4.100000, 47.000000
2.946196, 0.055068, -1.642473, -10.314536, 3.249803, 0.050091, 0.448375, 21.500000, 4.100000, 47.000000
2.963780, 0.234639, -2.461314, -9.232324, 3.046996, -0.042761, 0.497244, 22.600000, 8.300000, 46.299999
2.979059, 0.043097, -2.863553, -8.928250, 3.152065, -0.095295, 0.481362, 21.000000, 9.200000, 46.299999
2.995956, 0.086194, -3.004815, -8.995291, 3.176499, -0.135612, 0.508240, 22.100000, 10.300000, 46.299999
3.013224, 0.284919, -4.055902, -9.332883, 2.976135, -0.260229, 0.306654, 21.800001, 14.000000, 45.200001
3.030614, 0.407027, -4.180404, -9.007262, 2.985909, -0.158825, 0.251676, 21.900000, 15.800000, 46.100002
3.046525, 0.375901, -4.776578, -8.564321, 2.982244, -0.150273, 0.232129, 23.200001, 18.500000, 44.600002
3.063072, 0.277736, -4.968120, -8.770228, 2.862514, -0.238237, 0.395841, 23.400000, 21.000000, 42.500000
3.079517, 0.323227, -5.205153, -8.631361, 2.748893, -0.305433, 0.445932, 23.100000, 21.400000, 42.500000
3.097745, 0.033520, -5.636123, -8.291373, 2.658486, -0.403171, 0.392175, 22.600000, 22.700001, 41.900002
3.112955, 0.028731, -6.325674, -7.941810, 2.658486, -0.274889, 0.149051, 23.400000, 25.900000, 40.100002
3.130225, -0.184359, -6.543553, -8.013638, 2.621834, -0.172264, 0.151495, 24.300001, 27.400000, 38.000000
3.146267, -0.541106, -7.043956, -7.515629, 2.375044, -0.158825, 0.252898, 24.100000, 28.800001, 36.799999
3.163392, -0.636877, -7.031985, -6.981705, 2.339614, -0.239459, 0.302989, 24.800001, 31.200001, 35.299999
3.180050, -0.553077, -7.137333, -6.897906, 2.342057, -0.271224, 0.306654, 24.800001, 31.200001, 35.299999
3.196807, -0.339987, -7.963358, -6.931426, 2.233323, -0.129503, 0.145386, 24.600000, 32.600002, 33.500000
3.213569, -0.165205, -8.049552, -6.900300, 2.097711, -0.031765, 0.156382, 25.300001, 34.400002, 33.700001
3.230763, -0.933767, -8.341654, -5.722317, 1.933999, -0.140499, 0.298102, 24.800001, 35.400002, 30.700001
3.246366, -0.433364, -8.166871, -5.219519, 1.916895, -0.265116, 0.366519, 25.700001, 36.500000, 29.500000
3.263633, -0.433364, -8.166871, -5.219519, 1.929112, -0.270002, 0.376293, 25.700001, 36.500000, 29.500000
3.280478, -0.330410, -8.789383, -5.276982, 2.013412, -0.080634, 0.100182, 25.800001, 38.000000, 27.900000
3.297660, -0.284919, -8.899520, -5.016006, 2.057394, 0.069639, -0.010996, 25.800001, 38.000000, 27.900000
3.313034, -1.505999, -8.712766, -4.716722, 2.054951, 0.331089, 0.092852, 26.200001, 39.900002, 24.400000
3.330166, -1.470085, -8.990502, -3.648875, 2.010968, 0.206472, 0.197920, 26.800001, 40.799999, 24.600000
3.346667, -1.522759, -9.062330, -3.517190, 1.953547, -0.028100, 0.383623, 26.800001, 40.900002, 22.600000
3.364216, -0.351958, -9.754275, -3.656058, 1.886352, -0.305433, 0.449597, 26.300001, 41.299999, 21.400000
3.380870, -0.562655, -9.871595, -3.304099, 1.833817, -0.346971, 0.338419, 26.400000, 42.000000, 20.800001
3.396990, -0.842785, -10.000886, -3.332830, 1.789835, -0.322537, 0.338419, 26.900000, 41.900002, 18.800001
3.413794, -1.177983, -10.474953, -2.930592, 1.604132, -0.184481, 0.251676, 26.400000, 42.799999, 18.600000
3.431875, -1.254600, -10.319324, -2.839610, 1.587028, -0.173486, 0.249233, 26.400000, 42.799999, 18.600000
3.446689, 0.105348, -9.955395, -1.580221, 1.519833, -0.511905, 0.131947, 28.300001, 43.500000, 17.100000
3.466080, -1.180377, -9.706390, -1.822043, 1.423316, -0.643852, 0.023213, 28.200001, 43.400002, 15.100000
3.480650, -1.233052, -9.416683, -1.850774, 1.501507, -0.323759, 0.039095, 28.500000, 44.100002, 12.000000
3.498181, -0.811659, -9.775824, -1.357554, 1.623680, -0.207694, -0.146608, 28.600000, 44.200001, 13.500000
3.514121, -1.115732, -9.720756, -1.077424, 1.694540, -0.167377, -0.309098, 29.600000, 45.000000, 10.500000
3.530629, -1.256994, -9.493299, -0.897853, 1.830152, -0.001222, -0.514349, 27.700001, 45.200001, 8.800000
3.547493, -0.737437, -9.761458, -0.612934, 1.736079, -0.092852, -0.395841, 28.400000, 45.299999, 7.600000
3.565232, -1.139675, -9.802161, -0.246610, 1.426981, -0.067195, 0.013439, 28.000000, 46.000000, 7.100000
3.581103, -0.770957, -9.792584, 0.052674, 1.236391, -0.024435, 0.128282, 27.600000, 45.799999, 5.300000
3.597783, -0.679974, -9.742304, 0.201119, 1.200961, -0.008552, 0.113621, 28.500000, 46.100002, 5.200000
3.613883, 0.038308, -9.854836, 0.332804, 1.274265, -0.062308, -0.387289, 27.600000, 45.900002, 3.900000
3.631335, 0.038308, -9.864412, 0.933767, 1.439198, -0.111177, -0.630413, 28.600000, 46.500000, 2.700000
3.647879, 0.205908, -9.761458, 1.355160, 1.615128, -0.219911, -0.857655, 28.100000, 46.200001, 2.900000
3.664246, 0.191542, -9.955395, 1.295303, 1.854587, -0.304211, -1.335351, 26.900000, 46.200001, 0.100000
3.680720, -0.107742, -9.888355, 1.783735, 1.929112, -0.283441, -1.458746, 26.100000, 47.100002, -0.700000
3.698285, 0.043097, -9.754275, 2.432583, 2.029294, -0.470366, -1.475850, 26.000000, 47.299999, -2.800000
3.714727, -0.725465, -8.875577, 3.002421, 2.028073, -0.667065, -1.082453, 24.300001, 47.600002, -5.000000
3.731846, -0.670397, -8.997684, 2.839610, 2.009747, -0.720821, -0.893085, 24.500000, 47.600002, -6.200000
3.748127, -0.921796, -9.198804, 2.913832, 2.001194, -0.703717, -0.631635, 24.500000, 48.400002, -6.700000
3.765558, 0.143656, -9.031204, 4.271386, 2.083050, -0.658513, -0.245568, 23.800001, 47.900002, -10.000000
3.781485, 0.818842, -8.526012, 8.432636, 2.678033, -0.014661, -0.304211, 22.700001, 47.500000, -11.700000
3.798505, 1.374314, -8.545167, 6.239480, 3.115413, 0.008552, -0.331089, 22.100000, 47.000000, -13.800000
3.814495, 2.049499, -7.690411, 4.632922, 2.951701, -0.268781, -0.290772, 22.600000, 46.299999, -15.300000
3.832032, 2.281744, -8.399116, 4.948966, 2.806315, -0.412945, -0.327424, 21.700001, 45.700001, -17.200001
3.848884, 2.099779, -8.825297, 5.525986, 2.559525, -0.403171, -0.574213, 21.200001, 44.200001, -21.200001
3.865410, 1.891477, -8.612206, 5.147691, 2.441018, -0.346971, -0.784351, 21.300001, 43.200001, -23.100000
3.881975, 1.891477, -8.612206, 5.147691, 2.441018, -0.346971, -0.784351, 21.300001, 43.200001, -23.100000
3.899672, -0.555472, -7.170853, 3.876331, 1.269378, -0.119730, -0.367741, 19.400000, 41.000000, -27.900000
3.915236, -0.471672, -7.043956, 5.703163, 1.095892, 0.053756, -0.180816, 18.000000, 40.299999, -27.500000
3.931836, -0.035914, -6.512427, 7.405492, 1.277930, 0.290772, 0.084299, 19.200001, 39.700001, -29.400000
3.948281, 0.885882, -6.462148, 7.008042, 1.434312, 0.353080, 0.116064, 20.000000, 39.600002, -29.700001
3.966577, 1.769369, -6.565102, 6.651295, 1.483181, 0.265116, 0.050091, 18.800001, 39.200001, -30.400000
3.982257, 2.566663, -6.608199, 6.553130, 1.483181, 0.254120, -0.161268, 19.600000, 38.600002, -29.900000
3.998534, 1.917814, -6.426234, 6.885934, 1.518611, 0.215025, -0.238237, 19.500000, 38.000000, -30.000000
4.015690, 0.169994, -5.700768, 7.960964, 2.056172, 0.315206, -0.136834, 18.800001, 36.299999, -33.299999
4.033014, 0.837996, -5.564295, 7.362395, 2.182011, 0.317650, -0.028100, 20.100000, 35.900002, -33.100002
4.050987, 1.788523, -5.679220, 6.900300, 2.089159, 0.180816, -0.095295, 19.500000, 32.600002, -36.000000
4.065062, 1.015172, -5.394301, 7.218739, 2.061059, 0.172264, -0.142942, 19.800001, 32.299999, -36.100002
4.082552, 0.174782, -5.114171, 7.501263, 2.046399, 0.276111, -0.101404, 19.700001, 31.400000, -36.100002
4.098824, 0.033520, -5.032766, 7.702382, 2.025629, 0.354302, -0.002443, 19.900000, 30.900000, -36.700001
4.116193, 2.276955, -4.881927, 7.834067, 1.804496, 0.399506, 0.166155, 19.500000, 28.500000, -38.000000
4.132089, 2.073442, -4.568276, 8.274613, 1.689653, 0.350637, 0.136834, 20.600000, 27.700001, -38.600002
4.149115, 0.296890, -3.251425, 9.471751, 1.794722, 0.234572, 0.175929, 20.500000, 25.800001, -39.299999
4.165583, 0.622511, -3.598595, 9.519637, 1.870469, 0.285885, 0.196699, 20.200001, 24.400000, -40.799999
4.183212, 1.041510, -3.967313, 9.332883, 1.802052, 0.310320, 0.144164, 20.600000, 22.500000, -40.500000
4.199693, 0.718282, -3.929005, 9.469357, 1.689653, 0.272446, 0.119730, 20.500000, 22.000000, -41.700001
4.215812, 0.438152, -3.615355, 10.134965, 1.640784, 0.234572, 0.084299, 21.000000, 20.100000, -41.299999
4.232292, 0.766168, -3.548315, 10.046377, 1.657888, 0.252898, -0.017104, 21.400000, 18.400000, -42.500000
4.249643, 0.902642, -3.507613, 9.878778, 1.588250, 0.217468, -0.087965, 21.300001, 17.100000, -42.600002
4.266044, 0.931373, -3.713520, 9.787795, 1.220509, 0.114843, -0.150273, 23.000000, 15.500000, -43.200001
4.282293, -0.079011, -3.287339, 9.967366, 1.092227, 0.109956, -0.087965, 20.800001, 14.700000, -43.299999
4.299326, -0.806871, -1.855563, 10.319324, 1.021367, 0.250455, 0.205251, 22.500000, 13.800000, -43.900002
4.316669, 0.557866, -1.644867, 10.190034, 0.982271, 0.259007, 0.267559, 21.900000, 13.100000, -43.400002
4.332479, 1.632895, -1.673598, 10.225947, 0.933402, 0.140499, 0.168599, 22.200001, 12.500000, -44.000000
4.349864, 1.735849, -1.771763, 10.072714, 0.824668, -0.010996, -0.113621, 21.900000, 11.700000, -43.299999
4.365945, 1.273754, -1.817255, 9.972155, 0.770912, -0.089186, -0.162490, 22.300001, 10.700000, -44.600002
4.383741, 0.732648, -1.355160, 10.084685, 0.671952, -0.173486, -0.272446, 21.400000, 10.300000, -43.900002
4.400192, 0.335198, -0.919402, 10.032011, 0.725708, -0.124617, -0.340863, 22.100000, 10.500000, -43.900002
4.416253, -0.368718, -0.852362, 9.454991, 0.729373, -0.020769, -0.276111, 21.400000, 10.200000, -43.000000
4.432616, 0.033520, -1.106155, 9.191621, 0.478918, -0.101404, 0.008552, 21.500000, 9.100000, -44.600002
4.450618, 0.232245, -1.240234, 9.617802, 0.404393, -0.163712, 0.036652, 22.300001, 9.200000, -44.000000
4.467012, 0.646454, -1.156435, 9.725544, 0.362854, -0.020769, -0.043982, 21.500000, 8.500000, -45.200001
4.483368, 0.615329, -1.125309, 9.323306, 0.287107, -0.013439, -0.100182, 21.600000, 8.100000, -44.400002
4.500129, -0.117319, -1.017567, 9.318518, 0.179594, 0.010996, -0.122173, 21.600000, 8.700000, -44.799999
4.517260, -1.115732, -1.003201, 9.280210, 0.003665, 0.174707, 0.069639, 21.600000, 8.700000, -44.100002
4.533265, -0.390267, -0.960104, 9.320911, -0.062308, 0.206472, 0.156382, 21.800001, 8.900001, -44.299999
4.550255, -0.167599, -0.907430, 9.596253, -0.106291, 0.329867, 0.202807, 21.800001, 8.700000, -44.400002
4.567153, 1.110944, -0.107742, 10.257073, 0.040317, 0.106291, 0.223577, 21.800001, 8.100000, -44.500000
4.585036, 1.793312, -0.062251, 10.510866, 0.152716, 0.007330, 0.108734, 21.900000, 7.600000, -44.500000
4.600051, 1.467690, -0.158022, 10.721562, 0.244346, -0.002443, -0.004887, 21.900000, 7.600000, -44.500000
4.617461, 0.306467, -0.505192, 10.173274, 0.500910, 0.015882, -0.069639, 21.800001, 6.900000, -44.600002
4.633708, 0.763774, -0.811659, 9.744699, 0.452040, -0.030543, -0.074526, 21.800001, 6.700000, -44.600002
4.651045, 0.763774, -0.811659, 9.744699, 0.452040, -0.030543, -0.074526, 21.800001, 6.700000, -44.600002
4.667600, 0.763774, -0.811659, 9.744699, 0.452040, -0.030543, -0.074526, 21.800001, 6.700000, -44.600002
4.684278, 0.763774, -0.811659, 9.744699, 0.452040, -0.030543, -0.074526, 21.800001, 6.700000, -44.600002
4.700732, 0.763774, -0.811659, 9.744699, 0.452040, -0.030543, -0.074526, 21.800001, 6.700000, -44.600002
4.718892, 0.763774, -0.811659, 9.744699, 0.452040, -0.030543, -0.074526, 21.800001, 6.700000, -44.600002
4.734197, 0.763774, -0.811659, 9.744699, 0.452040, -0.030543, -0.074526, 21.800001, 6.700000, -44.600002
4.751205, 0.763774, -0.811659, 9.744699, 0.452040, -0.030543, -0.074526, 21.800001, 6.700000, -44.600002
4.767739, 0.763774, -0.811659, 9.744699, 0.452040, -0.030543, -0.074526, 21.800001, 6.700000, -44.600002
4.785531, 0.763774, -0.811659, 9.744699, 0.452040, -0.030543, -0.074526, 21.800001, 6.700000, -44.600002
4.800810, 1.403045, -0.521952, 10.292988, 0.355524, 0.069639, -0.169821, 22.300001, 5.200000, -44.799999
4.818010, 1.477268, -0.414210, 10.273833, 0.384845, -0.061087, -0.250455, 22.300001, 5.200000, -44.799999
4.834537, -0.380690, -0.725465, 9.818921, 0.298102, -0.163712, -0.257785, 22.500000, 5.100000, -44.700001
4.851519, -0.385478, -0.818842, 9.794978, 0.171042, -0.108734, -0.098960, 22.600000, 5.100000, -44.600002
4.867826, 0.134079, -0.351958, 9.888355, 0.030543, -0.067195, 0.058643, 22.600000, 5.000000, -44.700001
4.884243, 0.900247, -0.107742, 9.850046, 0.031765, -0.048869, -0.094073, 22.600000, 5.000000, -44.700001
4.910034, -0.603357, -0.490826, 9.818921, 0.007330, -0.043982, -0.069639, 22.700001, 4.900000, -44.700001
4.918200, -0.713494, -0.246610, 9.692024, 0.018326, -0.018326, 0.087965, 22.700001, 4.900000, -44.700001
4.934834, 0.071828, -0.308861, 9.524426, 0.072082, 0.040317, 0.134390, 22.800001, 4.800000, -44.799999
4.951748, 0.019154, -0.043097, 9.869201, 0.128282, -0.051313, 0.042761, 22.900000, 4.900000, -44.799999
4.968379, 0.074223, -0.368718, 9.634562, 0.128282, 0.037874, -0.003665, 22.900000, 4.900000, -44.799999
4.984464, 0.198725, -0.344776, 9.854836, 0.098960, 0.050091, 0.002443, 23.000000, 4.900000, -44.900002
5.001393, 0.557866, -0.306467, 9.586677, 0.047647, 0.149051, -0.114843, 23.000000, 4.900000, -44.900002
5.018266, -0.622511, -0.363930, 9.976943, 0.047647, 0.158825, -0.140499, 23.000000, 4.800000, -44.799999
5.035924, -0.555472, 0.208302, 9.897932, 0.053756, 0.122173, -0.050091, 23.100000, 4.700000, -44.900002
5.051798, -0.181965, -0.119714, 9.931452, 0.076969, 0.054978, -0.013439, 23.100000, 4.600000, -44.900002
5.067729, -0.064645, -0.079011, 9.941029, 0.113621, -0.003665, 0.037874, 23.100000, 4.600000, -44.900002
5.084763, 0.045491, -0.237033, 9.687236, 0.277333, -0.136834, -0.007330, 23.100000, 4.500000, -45.000000
5.102296, 0.708705, -0.179571, 9.529214, 0.306654, -0.131947, 0.003665, 23.100000, 4.400000, -45.000000
5.118212, 0.244216, 0.045491, 9.713573, 0.153938, -0.063530, 0.048869, 23.200001, 4.300000, -45.100002
5.135106, 1.711906, -0.124502, 9.639350, 0.153938, 0.257785, -0.026878, 23.200001, 4.200000, -45.299999
5.152213, 0.110137, 0.411815, 10.048771, 0.135612, 0.298102, -0.114843, 23.100000, 4.200000, -45.299999
5.169796, -0.596174, -0.330410, 9.897932, 0.106291, 0.245568, -0.036652, 23.200001, 4.100000, -45.400002
5.184756, -0.043097, 0.045491, 9.847652, 0.083078, 0.166155, 0.000000, 23.200001, 4.000000, -45.400002
5.201737, 0.033520, 0.174782, 9.826104, 0.102625, 0.177151, -0.006109, 23.300001, 4.000000, -45.400002
5.218994, -0.169994, 0.047885, 9.598648, -0.006109, 0.017104, 0.019548, 23.300001, 3.900000, -45.400002
5.236813, -0.186753, 0.045491, 9.814133, 0.001222, 0.031765, 0.001222, 23.400000, 3.800000, -45.299999
5.251638, -0.217879, 0.045491, 9.850046, 0.008552, 0.028100, 0.003665, 23.500000, 3.700000, -45.200001
5.268603, -0.162811, 0.052674, 9.802161, 0.000000, -0.048869, 0.000000, 23.500000, 3.600000, -45.200001
5.285058, -0.153234, 0.047885, 9.792584, 0.003665, 0.058643, -0.004887, 23.500000, 3.600000, -45.200001
5.302914, -0.052674, 0.045491, 9.780613, 0.008552, 0.086743, -0.009774, 23.600000, 3.500000, -45.100002
5.319283, -0.055068, 0.045491, 9.950606, -0.003665, -0.014661, 0.014661, 23.700001, 3.400000, -45.100002
5.335716, 0.014366, 0.014366, 9.792584, -0.001222, 0.025656, -0.012217, 23.700001, 3.400000, -45.100002
5.352874, -0.150839, -0.014366, 9.953000, -0.185703, 0.280998, 0.006109, 23.800001, 3.300000, -45.100002
5.370415, -0.495615, -0.011971, 11.638570, 0.156382, -0.618196, 0.000000, 23.800001, 3.200000, -45.100002
5.385622, -0.191542, 0.186753, 9.407105, -0.019548, -0.108734, 0.002443, 23.800001, 3.100000, -45.100002
5.402956, -0.095771, 0.045491, 9.170073, -0.006109, 0.086743, 0.010996, 23.900000, 3.100000, -45.000000
5.419268, -0.361535, 0.045491, 9.845258, 0.003665, 0.028100, 0.009774, 23.900000, 3.100000, -45.000000
5.436725, -0.146051, 0.067040, 9.818921, 0.004887, 0.006109, 0.000000, 24.000000, 3.100000, -44.799999
5.452480, -0.196331, 0.126897, 9.804555, 0.002443, 0.006109, 0.007330, 24.100000, 3.100000, -44.700001
5.469024, -0.186753, 0.129291, 9.859624, 0.001222, 0.004887, 0.004887, 24.200001, 3.100000, -44.600002
5.486432, -0.191542, 0.143656, 9.811738, -0.006109, 0.003665, 0.002443, 24.200001, 3.100000, -44.600002
5.503112, -0.210696, 0.124502, 9.818921, -0.006109, -0.002443, -0.001222, 24.200001, 3.100000, -44.500000
5.519510, -0.196331, 0.083800, 9.804555, 0.003665, 0.002443, -0.008552, 24.200001, 3.000000, -44.500000
5.536042, -0.229850, 0.045491, 9.802161, -0.001222, -0.003665, 0.000000, 24.200001, 3.100000, -44.500000
5.552818, -0.205908, 0.043097, 9.828498, 0.006109, -0.001222, -0.007330, 24.300001, 3.100000, -44.400002
5.569998, -0.196331, 0.009577, 9.814133, 0.000000, -0.002443, -0.006109, 24.300001, 3.100000, -44.500000
5.586228, -0.205908, -0.050280, 9.823709, 0.004887, 0.004887, 0.003665, 24.200001, 3.100000, -44.500000
5.603134, -0.165205, -0.033520, 9.823709, 0.006109, 0.008552, 0.009774, 24.200001, 3.000000, -44.500000
5.620190, -0.150839, -0.004789, 9.816526, 0.001222, 0.002443, -0.003665, 24.200001, 3.000000, -44.500000
5.636879, -0.119714, 0.043097, 9.842864, -0.003665, 0.001222, 0.006109, 24.200001, 3.000000, -44.500000
5.652883, -0.126897, 0.045491, 9.821315, 0.006109, 0.007330, -0.001222, 24.200001, 3.000000, -44.500000
5.669859, -0.122108, 0.052674, 9.842864, -0.001222, -0.001222, 0.004887, 24.200001, 3.000000, -44.400002
5.686656, -0.141262, 0.117319, 9.802161, 0.000000, -0.002443, -0.002443, 24.300001, 3.000000, -44.400002
5.704530, -0.165205, 0.119714, 9.842864, 0.001222, -0.003665, -0.004887, 24.200001, 3.000000, -44.400002
5.719848, -0.198725, 0.126897, 9.840469, 0.002443, -0.003665, 0.000000, 24.200001, 3.000000, -44.400002
5.736647, -0.237033, 0.131685, 9.809344, -0.001222, -0.002443, 0.008552, 24.200001, 3.000000, -44.600002
5.753218, -0.217879, 0.093377, 9.806950, 0.001222, 0.002443, 0.006109, 24.200001, 3.000000, -44.600002
5.770837, -0.244216, 0.071828, 9.814133, -0.002443, -0.003665, -0.003665, 24.200001, 2.900000, -44.700001
5.787275, -0.234639, 0.045491, 9.816526, 0.008552, -0.004887, 0.000000, 24.200001, 2.900000, -44.600002
5.803510, -0.191542, 0.045491, 9.840469, -0.004887, 0.001222, -0.006109, 24.200001, 3.000000, -44.700001
5.819922, -0.153234, 0.021548, 9.826104, -0.009774, -0.003665, 0.007330, 24.200001, 3.000000, -44.700001
5.837859, -0.100560, 0.021548, 9.818921, 0.006109, -0.004887, 0.006109, 24.200001, 3.000000, -44.700001
5.853335, -0.124502, -0.009577, 9.826104, 0.000000, -0.001222, 0.000000, 24.200001, 3.000000, -44.700001
5.870704, -0.122108, 0.002394, 9.833286, -0.003665, -0.001222, 0.009774, 24.200001, 2.900000, -44.600002
5.886705, -0.126897, 0.026337, 9.828498, 0.003665, -0.003665, -0.004887, 24.200001, 2.900000, -44.600002
5.904703, -0.174782, 0.045491, 9.850046, -0.006109, 0.006109, 0.008552, 24.300001, 3.000000, -44.500000
5.920057, -0.186753, 0.045491, 9.818921, -0.001222, -0.004887, 0.006109, 24.300001, 3.000000, -44.500000
5.937648, -0.217879, 0.090982, 9.814133, -0.002443, 0.001222, 0.007330, 24.400000, 3.000000, -44.500000
5.953525, -0.201119, 0.090982, 9.814133, 0.000000, -0.001222, -0.001222, 24.400000, 3.000000, -44.400002
5.971541, -0.210696, 0.134079, 9.809344, 0.001222, -0.004887, 0.000000, 24.300001, 3.000000, -44.400002
5.987804, -0.196331, 0.126897, 9.823709, -0.006109, 0.001222, -0.004887, 24.300001, 3.100000, -44.500000
6.003773, -0.174782, 0.117319, 9.823709, -0.004887, -0.001222, 0.001222, 24.300001, 3.100000, -44.500000
6.020811, -0.162811, 0.100560, 9.823709, 0.002443, 0.002443, -0.006109, 24.300001, 3.100000, -44.400002
6.038941, -0.148445, 0.064645, 9.823709, 0.003665, -0.001222, 0.000000, 24.200001, 3.000000, -44.299999
6.053981, -0.155628, 0.045491, 9.806950, 0.004887, -0.004887, -0.018326, 24.200001, 3.000000, -44.299999
6.070778, -0.143656, 0.035914, 9.821315, 0.004887, -0.002443, 0.001222, 24.200001, 3.100000, -44.299999
6.087222, -0.150839, 0.011971, 9.814133, 0.002443, -0.001222, 0.006109, 24.300001, 3.100000, -44.299999
6.105179, -0.189148, -0.019154, 9.823709, 0.004887, 0.000000, -0.003665, 24.300001, 3.100000, -44.200001
6.121358, -0.169994, -0.016760, 9.847652, 0.000000, 0.001222, 0.007330, 24.300001, 3.100000, -44.200001
6.137930, -0.191542, -0.009577, 9.847652, -0.004887, 0.002443, -0.002443, 24.300001, 3.000000, -44.200001
6.154154, -0.210696, 0.045491, 9.816526, 0.002443, -0.002443, 0.007330, 24.300001, 3.000000, -44.299999
6.171359, -0.208302, 0.052674, 9.830893, 0.001222, 0.003665, 0.010996, 24.300001, 3.000000, -44.400002
6.187638, -0.189148, 0.071828, 9.823709, 0.000000, 0.000000, 0.008552, 24.300001, 3.000000, -44.500000
6.204711, -0.167599, 0.102954, 9.842864, -0.001222, 0.000000, 0.004887, 24.300001, 3.000000, -44.600002
6.221237, -0.162811, 0.112531, 9.830893, 0.003665, -0.002443, -0.003665, 24.200001, 3.000000, -44.600002
6.238501, -0.150839, 0.114925, 9.826104, -0.007330, -0.001222, 0.013439, 24.200001, 3.000000, -44.600002
6.254307, -0.181965, 0.090982, 9.847652, 0.001222, -0.001222, -0.013439, 24.300001, 3.000000, -44.600002
6.271153, -0.181965, 0.055068, 9.737515, -0.004887, 0.004887, 0.008552, 24.200001, 2.900000, -44.700001
6.287999, -0.162811, 0.045491, 9.816526, 0.001222, 0.004887, 0.000000, 24.300001, 2.900000, -44.600002
6.305720, -0.174782, 0.045491, 9.823709, 0.002443, 0.003665, -0.004887, 24.300001, 2.900000, -44.600002
6.321646, -0.189148, 0.045491, 9.847652, -0.001222, 0.002443, -0.004887, 24.300001, 2.800000, -44.600002
6.338569, -0.165205, 0.045491, 9.811738, 0.000000, -0.003665, 0.003665, 24.400000, 2.800000, -44.600002
6.355497, -0.191542, 0.045491, 9.847652, 0.007330, -0.007330, 0.010996, 24.400000, 2.800000, -44.700001
6.371973, -0.172388, 0.045491, 9.830893, 0.006109, -0.002443, -0.013439, 24.400000, 2.800000, -44.700001
6.388552, -0.198725, 0.045491, 9.845258, 0.008552, -0.003665, -0.002443, 24.400000, 2.800000, -44.700001
6.405469, -0.249005, 0.043097, 9.847652, 0.006109, -0.012217, 0.004887, 24.400000, 2.800000, -44.700001
6.421610, -0.244216, 0.045491, 9.859624, -0.006109, -0.054978, -0.020769, 24.300001, 2.800000, -44.700001
6.439272, -0.256187, 0.220273, 10.314536, -0.017104, -0.467923, 0.163712, 24.400000, 2.800000, -44.700001
6.455081, 0.739831, -0.342381, 9.648928, 0.001222, -0.019548, -0.117286, 24.300001, 2.800000, -44.700001
6.472029, -0.423787, 0.007183, 9.869201, -0.090408, -0.527788, -0.130725, 24.300001, 2.800000, -44.600002
6.488818, -0.162811, 0.366324, 9.684841, -0.151495, -0.235794, -0.041539, 24.200001, 2.800000, -44.600002
6.505851, -0.488432, -0.040703, 9.828498, -0.240681, -0.240681, -0.039095, 24.100000, 2.800000, -44.500000
6.522892, -0.363930, -0.371113, 9.648928, -0.323759, 0.017104, -0.129503, 24.100000, 2.800000, -44.500000
6.539074, 0.428575, 0.543500, 12.110242, -0.403171, 1.211957, -0.238237, 24.100000, 2.900000, -44.500000
6.555878, -1.132492, -0.260976, 12.258687, -0.240681, 1.566258, -0.228464, 24.000000, 3.000000, -44.500000
6.573212, -1.383891, -0.342381, 12.428680, -0.078191, 1.634675, -0.096517, 24.100000, 3.100000, -44.400002
6.589137, -0.790111, 0.318439, 12.036019, 0.300546, 2.018299, -0.007330, 24.200001, 3.300000, -44.299999
6.605443, -0.804476, 0.299284, 12.136579, 0.447153, 2.094046, -0.007330, 24.300001, 3.400000, -44.299999
6.622418, -1.137281, 0.074223, 10.977750, 0.884533, 2.052507, 0.006109, 24.600000, 3.500000, -44.000000
6.640064, -1.132492, -0.124502, 10.096657, 0.941954, 2.166128, -0.025656, 24.700001, 3.500000, -43.799999
6.656071, -1.568250, 0.328016, 9.189227, 0.880868, 3.194825, -0.240681, 25.700001, 3.500000, -42.900002
6.672901, -2.748627, 0.435758, 8.789383, 0.867429, 3.417180, -0.255342, 29.200001, 3.300000, -40.100002
6.688805, -3.193963, 0.897853, 9.641745, 0.900415, 3.751934, -0.219911, 30.600000, 3.100000, -38.700001
6.706842, -2.274561, 0.045491, 8.628966, 0.869872, 4.028046, -0.492357, 36.000000, 2.200000, -33.600002
6.722374, -4.340820, 0.404632, 7.853221, 0.772134, 4.039041, -0.541227, 37.200001, 2.400000, -31.900000
6.739094, -6.191595, 0.158022, 6.969734, 0.645074, 4.170988, -0.430049, 40.000000, 2.600000, -27.900000
6.756473, -4.977697, 0.397450, 6.373559, 0.458149, 4.724432, -0.419054, 42.799999, 3.000000, -23.400000
6.774136, -4.920235, 0.679974, 5.765414, 0.244346, 4.916244, -0.540005, 43.900002, 2.300000, -21.100000
6.789315, -6.361588, 0.600963, 3.380716, -0.472810, 4.868596, -0.597426, 46.500000, 3.100000, -17.300001
6.806098, -7.381549, 0.052674, 2.925804, -1.133766, 4.613255, -0.722043, 47.700001, 3.600000, -11.700000
6.822587, -9.718362, 0.217879, 4.249838, -1.389108, 4.246735, -0.563218, 48.500000, 4.900000, -10.400001
6.839675, -9.773430, -0.313650, 4.848406, -1.309695, 3.335324, 0.029322, 48.700001, 5.500000, -5.800000
6.857067, -8.921068, -0.172388, 4.371946, -1.203405, 3.319442, 0.164934, 49.400002, 5.800000, -2.500000
6.872559, -8.111803, -0.603357, 4.565882, -1.199739, 3.280346, -0.101404, 49.500000, 5.400000, 2.200000
6.889882, -8.729526, -0.593780, 4.541939, -1.048245, 3.287677, -0.219911, 49.500000, 4.800000, 2.900000
6.906937, -9.787795, 0.083800, 4.369552, -0.808786, 3.369533, -0.224798, 49.400002, 5.900000, 8.900001
6.923357, -10.544386, 0.114925, 3.878725, -0.551000, 3.243695, -0.079412, 48.900002, 6.500000, 8.300000
6.939713, -10.276228, -0.026337, 3.347196, -0.466701, 3.185051, 0.008552, 47.500000, 5.700000, 11.700000
6.957625, -9.150918, 0.067040, 2.899467, -0.340863, 3.037222, -0.007330, 46.700001, 6.000000, 14.300000
6.973705, -9.194016, -0.011971, 2.648068, -0.230907, 2.684142, -0.012217, 46.400002, 5.300000, 16.200001
6.990128, -10.276228, 0.213090, 1.005595, 0.051313, 2.713463, 0.050091, 46.500000, 5.800000, 19.700001
7.007228, -10.711986, 0.375901, 0.124502, 0.171042, 2.934597, 0.172264, 44.500000, 5.700000, 21.600000
7.024088, -9.332883, -0.258582, -0.141262, 0.108734, 2.926044, 0.163712, 44.000000, 5.900000, 20.600000
7.040154, -9.270632, 0.131685, 0.038308, -0.087965, 2.404366, -0.047647, 45.299999, 2.400000, 24.700001
7.057212, -9.924269, 0.371113, 0.167599, -0.081856, 1.975538, 0.062308, 44.500000, 2.300000, 25.400000
7.073613, -10.087080, 0.260976, 0.373507, 0.037874, 1.679879, 0.166155, 43.700001, 3.100000, 26.900000
7.090642, -10.118205, 0.014366, -0.263370, 0.417832, 1.722640, 0.256563, 42.600002, 2.800000, 28.700001
7.107203, -8.861211, -0.284919, -0.385478, 0.540005, 1.847257, 0.249233, 41.799999, 2.900000, 30.200001
7.124358, -10.652128, -1.048692, -2.087808, 0.572992, 1.274265, 0.417832, 40.700001, 3.300000, 33.000000
7.140408, -8.114198, -0.016760, -2.332024, 0.518014, 1.058019, 0.339641, 39.299999, 3.000000, 33.000000
7.157553, -8.674458, 0.387873, -2.253013, 0.551000, 1.288926, 0.241903, 39.900002, 3.300000, 31.800001
7.173546, -8.789383, 0.009577, -5.418244, 0.492357, 1.855809, 0.003665, 38.900002, 3.300000, 34.200001
7.190350, -8.648121, -0.002394, -3.270579, 0.277333, 1.566258, 0.025656, 37.299999, 3.500000, 34.700001
7.207462, -8.298556, 0.684763, -2.681588, 0.291994, 1.672549, 0.018326, 37.600002, 3.800000, 34.200001
7.225187, -6.902694, -0.553077, -3.605778, 0.172264, 1.990199, -0.120951, 35.299999, 3.200000, 35.900002
7.240768, -7.063111, -0.438152, -4.101393, 0.218690, 2.370157, -0.229685, 36.100002, 4.000000, 37.000000
7.256917, -7.333664, -0.505192, -4.046324, 0.284663, 2.871067, -0.221133, 34.299999, 3.700000, 39.299999
7.274081, -7.877164, 0.351958, -5.159662, 0.235794, 4.032932, -0.125838, 31.100000, 4.400000, 40.600002
7.291542, -9.739910, 0.555472, -6.193989, -0.097738, 4.072028, 0.161268, 29.000000, 4.300000, 41.900002
7.307409, -12.064751, 0.555472, -8.262642, -0.623083, 3.839899, 0.651182, 27.300001, 4.700000, 42.299999
7.323851, -10.467770, -0.526740, -7.812519, -1.673771, 3.254690, 1.312139, 22.000000, 2.900000, 45.000000
7.341355, -7.570697, 0.088588, -7.151699, -2.062281, 3.014009, 0.686613, 21.200001, 2.300000, 45.700001
7.358393, -4.867561, 0.735042, -6.431022, -1.960877, 3.656639, -0.386067, 18.900000, 0.400000, 46.500000
7.374131, -5.514015, 1.410228, -7.027196, -1.839926, 4.164879, -0.897972, 14.900001, -2.100000, 47.200001
7.391393, -5.585843, 1.393468, -7.280990, -1.854587, 4.189314, -0.933402, 14.900001, -2.100000, 47.200001
7.407338, -7.771816, 1.747821, -8.964165, -1.356121, 1.306030, -0.420275, 9.000000, -4.700000, 48.600002
7.425280, -8.248277, 0.553077, -10.197216, -0.671952, 2.096489, 1.337795, 7.500000, -6.100000, 48.100002
7.440974, -1.740638, -1.388679, -9.141341, -1.629789, 1.470963, 1.198518, 7.400000, -6.100000, 47.299999
7.457753, -3.478881, 0.038308, -7.685622, -2.963918, 3.017674, 0.276111, 4.600000, -8.600000, 47.299999
7.474553, -2.911438, 1.996825, -4.707144, -2.235767, 2.405587, -0.838107, 3.000000, -10.400001, 47.600002
7.492239, -5.973716, 4.106181, -6.009630, 1.517389, 3.630983, -0.778242, 0.000000, -12.000000, 46.100002
7.507763, -6.680027, 3.699155, -9.246689, 2.074498, 2.409253, -0.051313, -2.300000, -11.000000, 48.200001
7.524426, -6.529187, 3.469304, -9.318518, 1.924226, 2.031738, 0.311541, -2.300000, -11.000000, 48.200001
7.541375, -0.316044, 0.804476, -9.280210, 0.037874, 1.025032, 0.921185, -3.700000, -9.200000, 47.600002
7.558916, -1.352765, 0.349564, -8.626573, -0.610865, 2.615725, 0.543670, -4.800000, -8.200000, 46.700001
7.575085, -2.576240, 2.851581, -8.147717, 0.183260, 1.569924, 0.080634, -6.900000, -9.500000, 46.700001
7.591978, -1.204320, 0.917007, -10.807756, 2.182011, 2.772106, 0.245568, -9.200000, -7.600000, 45.100002
7.609384, -1.771763, 0.668003, -11.042396, 1.254717, 1.786170, -0.146608, -10.000000, -7.200000, 46.600002
7.625328, -2.305687, 0.811659, -11.389565, 0.845438, 1.436755, 0.095295, -12.700000, -6.300000, 45.100002
7.642382, -0.957710, 0.770957, -10.623397, 0.651182, 1.395216, 0.000000, -12.700000, -5.500000, 45.100002
7.658573, -0.368718, 2.078231, -9.395134, 0.592539, 1.805718, -0.017104, -14.000000, -5.100000, 44.200001
7.674901, 0.304073, 2.420612, -8.272220, 0.594983, 2.162463, 0.152716, -16.600000, -4.500000, 43.299999
7.693380, -0.675186, 2.851581, -8.794171, -0.116064, 2.056172, 0.152716, -17.700001, -4.300000, 42.700001
7.708161, 1.187560, 0.210696, -9.435837, -0.191812, 2.812424, -0.160047, -18.700001, -3.900000, 42.400002
7.725926, 0.900247, 0.148445, -9.814133, -0.124617, 3.082426, -0.533896, -19.000000, -4.000000, 42.600002
7.742439, 0.136474, 0.857150, -10.451010, 0.105069, 3.000570, -0.433714, -20.900000, -4.700000, 39.200001
7.759829, 0.136474, 0.857150, -10.451010, 0.105069, 3.000570, -0.433714, -20.900000, -4.700000, 39.200001
7.775900, 0.136474, 0.857150, -10.451010, 0.105069, 3.000570, -0.433714, -20.900000, -4.700000, 39.200001
7.791925, 0.136474, 0.857150, -10.451010, 0.105069, 3.000570, -0.433714, -20.900000, -4.700000, 39.200001
7.808955, 0.136474, 0.857150, -10.451010, 0.105069, 3.000570, -0.433714, -20.900000, -4.700000, 39.200001
7.826438, 0.136474, 0.857150, -10.451010, 0.105069, 3.000570, -0.433714, -20.900000, -4.700000, 39.200001
7.841918, 0.136474, 0.857150, -10.451010, 0.105069, 3.000570, -0.433714, -20.900000, -4.700000, 39.200001
7.859093, 0.136474, 0.857150, -10.451010, 0.105069, 3.000570, -0.433714, -20.900000, -4.700000, 39.200001
7.875438, 0.136474, 0.857150, -10.451010, 0.105069, 3.000570, -0.433714, -20.900000, -4.700000, 39.200001
7.894109, 0.136474, 0.857150, -10.451010, 0.105069, 3.000570, -0.433714, -20.900000, -4.700000, 39.200001
7.909545, 0.136474, 0.857150, -10.451010, 0.105069, 3.000570, -0.433714, -20.900000, -4.700000, 39.200001
7.925786, 7.185219, 0.711100, -3.600989, -0.825890, 5.650504, 0.164934, -48.000000, -6.300000, 7.700000
7.942340, 7.185219, 0.711100, -3.600989, -0.825890, 5.650504, 0.164934, -48.000000, -6.300000, 7.700000
7.960330, 8.346442, 0.749408, -3.232271, -0.486249, 5.076290, 0.376293, -47.200001, -4.900000, -4.300000
7.976082, 9.086273, 0.735042, -2.588211, -0.458149, 4.893031, 0.377515, -48.400002, -5.000000, -7.200000
7.992441, 9.366403, 1.345582, -1.508393, -0.378736, 4.718323, 0.183260, -46.299999, -5.500000, -11.900001
8.009120, 8.839663, 1.177983, 0.928979, -0.097738, 5.060408, 0.190590, -45.500000, -5.100000, -17.100000
8.026994, 9.574705, 0.371113, 0.830813, 0.340863, 4.571715, 0.266337, -43.500000, -4.900000, -23.100000
8.042531, 9.835681, 0.502798, -2.475680, -0.167377, 3.584557, 0.201586, -42.900002, -4.600000, -24.400000
8.059468, 9.718362, 1.673598, 0.917007, -0.576657, 3.105639, 0.026878, -40.900002, -4.100000, -27.200001
8.076556, 9.907509, 1.017567, 4.201952, -0.212581, 2.544865, -0.015882, -38.900002, -3.600000, -30.100000
8.094029, 9.866806, 0.936161, 4.331243, 0.153938, 1.930334, -0.114843, -37.600002, -4.100000, -32.000000
8.110041, 9.217958, 1.381497, 4.046324, 0.417832, 1.979203, -0.073304, -38.200001, -4.100000, -32.000000
8.126839, 9.397529, 1.197137, 3.533950, 0.553444, 2.064724, -0.012217, -36.700001, -3.800000, -33.200001
8.143498, 8.662486, 1.137281, 2.782147, 0.465479, 1.892461, 0.087965, -34.799999, -4.600000, -36.299999
8.160847, 7.807730, 1.103761, 2.473286, 0.382402, 2.353053, 0.216246, -34.600002, -5.200000, -35.400002
8.177104, 7.513234, 0.976864, 2.897073, 0.259007, 2.833193, 0.383623, -34.000000, -5.200000, -36.600002
8.192980, 8.423059, 1.103761, 4.539545, 0.031765, 2.978579, 0.547335, -31.500000, -4.700000, -38.500000
8.210236, 8.631361, 1.501210, 4.204347, -0.020769, 3.175277, 0.408058, -31.600000, -5.400000, -39.700001
8.227386, 12.287418, -1.623318, 11.420691, 0.229685, 2.299297, 0.037874, -27.000000, -4.400000, -42.400002
8.243234, 8.358414, 2.150059, 6.569890, 0.637743, 1.901013, -0.139277, -27.100000, -4.600000, -42.100002
8.260140, 7.925050, 0.703917, 5.916253, 0.971276, 2.442239, -0.201586, -23.200001, -4.500000, -43.299999
8.276793, 6.261029, 0.574626, 4.108575, 1.042136, 2.627942, 0.191812, -22.800001, -5.500000, -43.600002
8.294389, 6.426234, 0.620117, 4.036747, 0.510683, 2.317623, 0.372628, -22.100000, -6.600000, -45.100002
8.310067, 6.134132, 1.245023, 2.193156, 0.377515, 1.982869, 0.684169, -19.600000, -7.300000, -47.700001
8.326986, 10.575512, 0.143656, 6.445388, -0.069639, 1.287704, 0.499688, -18.500000, -7.000000, -46.900002
8.343352, 8.540379, 1.321640, 5.248250, 0.065973, 1.910787, 0.244346, -18.200001, -6.600000, -47.200001
8.361560, 5.274588, 0.581809, 6.431022, -0.432493, 2.295632, 0.294437, -16.200001, -6.600000, -50.200001
8.377279, 5.492466, 0.375901, 8.425453, -0.019548, 1.556485, 0.750143, -14.700000, -6.300000, -50.299999
8.394106, 5.650488, 0.316044, 8.176449, 0.021991, 1.435533, 0.795347, -14.700000, -6.300000, -50.299999
8.410553, 5.370358, 0.294496, 6.244269, -0.441045, 1.803274, 0.630413, -12.100000, -6.500000, -49.200001
8.428316, 5.293742, 0.339987, 6.229903, -0.723264, 2.072055, 0.686613, -10.700000, -5.700000, -48.400002
8.443670, 4.369552, 0.045491, 7.010437, -1.060462, 2.299297, 0.775799, -8.300000, -4.400000, -49.900002
8.461087, 4.355186, -0.555472, 6.701575, -1.418429, 2.557082, 0.803899, -7.400000, -3.900000, -49.600002
8.477395, 6.404685, 0.411815, 9.457385, -1.080010, 2.053729, 0.498466, -5.400000, -2.900000, -50.000000
8.494990, 7.879559, 0.438152, 10.395941, -0.359189, 1.627345, 0.111177, -3.600000, -1.400000, -50.000000
8.511262, 7.168459, -0.498009, 9.878778, 0.605978, 1.292591, -0.149051, -3.100000, -1.700000, -50.299999
8.528056, 5.674431, -0.754197, 10.079897, 1.772731, 1.203405, 0.248011, -1.200000, -2.600000, -50.299999
8.544384, 6.057515, 0.670397, 8.770228, 0.499688, 0.529009, 0.215025, -2.000000, -3.200000, -50.400002
8.561915, 1.891477, -0.239427, 8.772623, -0.312763, 1.547933, 0.200364, -0.500000, -3.500000, -50.700001
8.577446, 3.419024, -0.471672, 9.859624, 0.013439, 1.568702, 0.351858, 0.700000, -3.200000, -50.700001
8.593999, 4.522785, 0.052674, 10.288198, 0.366519, 1.536937, 0.289550, 0.500000, -3.700000, -50.700001
8.611031, 4.283358, 0.890670, 8.284191, 0.507018, 1.369560, 0.188147, 2.900000, -3.800000, -51.500000
8.628348, 3.143683, 0.629694, 8.719949, 0.131947, 1.428203, 0.447153, 4.900000, -4.600000, -50.700001
8.644177, 4.254626, -0.768562, 10.592272, 0.237016, 1.204626, 0.492357, 5.800000, -3.900000, -49.900002
8.661084, 4.089421, -0.802082, 10.709591, 0.260229, 1.193631, 0.493579, 5.800000, -3.900000, -49.900002
8.677490, 2.545114, -0.699128, 10.338479, -0.035430, 0.940732, 0.763582, 6.500000, -4.200000, -50.200001
8.695978, 2.590605, -0.514769, 9.859624, -0.439823, 0.919963, 0.499688, 7.400000, -4.800000, -49.900002
8.712672, 2.569057, 0.761379, 8.885154, -0.736704, 0.813672, -0.546114, 8.100000, -4.300000, -50.900002
8.728748, 2.853976, 0.603357, 9.100638, -0.340863, 0.493579, -1.227839, 8.500000, -4.100000, -50.200001
8.744323, 3.129317, 1.156435, 9.301758, 0.113621, 0.359189, -1.411099, 8.700000, -3.300000, -50.600002
8.762681, 3.890697, 1.836409, 9.960183, 0.136834, -0.393397, -0.833220, 8.500000, -3.300000, -50.600002
8.778635, 1.166012, -1.412622, 10.750294, -0.610865, 0.329867, -0.228464, 9.600000, -3.200000, -50.000000
8.794523, -1.434171, -1.716695, 10.197216, -0.067195, 0.370184, -0.481362, 9.600000, -2.700000, -49.700001
8.811881, 1.156435, -0.548289, 10.290593, 0.131947, -0.069639, -0.722043, 9.800000, -3.000000, -49.299999
8.828669, 3.383110, 0.421392, 10.510866, 0.163712, -0.217468, -0.346971, 9.800000, -2.900000, -49.700001
8.844815, 2.667222, 0.387873, 9.926663, -0.219911, -0.004887, -0.300546, 10.000000, -3.100000, -49.500000
8.861935, 1.723878, 0.062251, 10.209188, -0.150273, 0.019548, -0.332311, 9.500000, -3.100000, -49.799999
8.879067, 0.763774, 0.086194, 9.859624, -0.229685, 0.276111, -0.040317, 9.600000, -3.400000, -49.900002
8.896419, 0.763774, 0.086194, 9.859624, -0.229685, 0.276111, -0.040317, 9.600000, -3.400000, -49.900002
8.912179, 2.667222, 0.009577, 9.823709, -0.152716, 0.207694, 0.161268, 10.300000, -3.300000, -49.799999
8.928572, 2.667222, 0.009577, 9.823709, -0.152716, 0.207694, 0.161268, 10.300000, -3.300000, -49.799999
8.944745, 1.070241, -1.187560, 9.651321, 0.631635, 0.200364, -0.244346, 11.000000, -3.000000, -49.500000
8.962962, 1.915420, 0.476461, 8.849239, 0.635300, 0.851546, -0.140499, 11.600000, -2.800000, -49.400002
8.979157, 0.019154, 0.146051, 7.824490, 0.280998, 1.401325, -0.197920, 11.900001, -2.700000, -49.299999
8.995675, 0.160416, 0.924190, 10.388759, -0.186925, 1.193631, -0.078191, 12.300000, -2.600000, -49.200001
9.012584, 1.031932, 0.514769, 9.845258, -0.238237, 0.971276, 0.086743, 12.400001, -2.500000, -49.200001
9.029532, 1.142069, 0.332804, 9.344854, -0.252898, 0.974941, 0.128282, 12.600000, -2.500000, -49.100002
9.045508, 1.072635, -0.687157, 9.217958, -0.239459, 1.332908, -0.012217, 13.200000, -2.400000, -48.900002
9.062479, 1.719089, -0.457306, 12.725571, -0.062308, 1.067792, -0.151495, 13.500000, -2.300000, -48.700001
9.078495, 0.490826, -0.165205, 9.835681, 0.003665, 0.272446, -0.091630, 13.900001, -2.200000, -48.600002
9.096482, 0.476461, 0.138868, 9.902720, 0.000000, 0.228464, -0.059865, 14.400001, -2.200000, -48.400002
9.112785, 0.548289, 0.174782, 9.696813, 0.001222, 0.233351, -0.097738, 14.700000, -2.200000, -48.299999
9.129406, 0.605752, 0.260976, 9.859624, -0.012217, 0.255342, -0.151495, 15.100000, -2.200000, -48.100002
9.145915, 0.536318, -0.050280, 9.852441, -0.009774, 0.226020, -0.194255, 15.400001, -2.200000, -48.200001
9.163617, 0.033520, -0.184359, 9.806950, 0.003665, 0.222355, -0.103847, 15.900001, -2.100000, -47.900002
9.179505, 0.217879, -0.026337, 9.830893, 0.001222, 0.226020, -0.144164, 16.400000, -2.200000, -47.900002
9.195605, 0.031126, 0.280130, 8.573898, 0.014661, 0.610865, -0.041539, 16.700001, -2.200000, -47.799999
9.213227, 1.520365, 0.344776, 7.599428, 0.029322, 1.137431, -0.035430, 17.200001, -2.200000, -47.700001
9.230788, -0.313650, 0.165205, 10.932259, 0.014661, 0.101404, -0.031765, 17.800001, -2.200000, -47.500000
9.246515, -0.308861, -0.217879, 9.756670, 0.028100, 0.273668, 0.042761, 18.300001, -2.300000, -47.299999
9.263062, -0.342381, -0.217879, 9.859624, 0.009774, 0.146608, -0.015882, 18.600000, -2.200000, -47.200001
9.279629, -0.090982, 0.045491, 9.687236, 0.006109, 0.210138, 0.000000, 18.900000, -2.200000, -47.100002
9.297724, -0.339987, 0.093377, 10.091868, 0.021991, -0.067195, 0.013439, 19.700001, -2.100000, -46.700001
9.313481, -0.217879, 0.071828, 9.864412, -0.006109, 0.028100, -0.004887, 19.900000, -2.100000, -46.600002
9.329955, -0.052674, 0.100560, 9.823709, 0.002443, -0.004887, 0.008552, 20.300001, -2.000000, -46.400002
9.346054, -0.033520, 0.055068, 9.828498, -0.001222, 0.004887, -0.007330, 20.600000, -2.000000, -46.299999
9.364136, -0.045491, 0.059857, 9.821315, -0.002443, -0.004887, -0.007330, 20.700001, -2.000000, -46.200001
9.379486, -0.059857, 0.052674, 9.814133, -0.003665, 0.001222, 0.007330, 20.900000, -2.000000, -46.200001
9.397158, -0.088588, 0.045491, 9.818921, -0.002443, 0.001222, 0.001222, 21.000000, -2.000000, -46.200001
9.412760, -0.131685, 0.045491, 9.804555, 0.010996, -0.002443, 0.003665, 21.200001, -1.900000, -46.000000
9.430151, -0.162811, 0.043097, 9.847652, 0.004887, 0.000000, 0.001222, 21.300001, -1.900000, -45.900002
9.446210, -0.196331, 0.038308, 9.845258, -0.001222, 0.001222, 0.009774, 21.400000, -1.900000, -45.799999
9.463763, -0.196331, 0.045491, 9.826104, 0.001222, 0.004887, -0.006109, 21.600000, -1.900000, -45.700001
9.479854, -0.191542, 0.045491, 9.821315, 0.001222, -0.003665, 0.004887, 21.700001, -1.900000, -45.600002
9.497201, -0.169994, 0.045491, 9.845258, -0.002443, 0.000000, 0.000000, 21.800001, -1.900000, -45.600002
9.513412, -0.138868, 0.057463, 9.818921, 0.000000, 0.004887, -0.003665, 21.900000, -1.800000, -45.600002
9.530053, -0.079011, 0.074223, 9.826104, 0.002443, -0.002443, -0.001222, 22.000000, -1.900000, -45.600002
9.547398, -0.071828, 0.081405, 9.799767, 0.001222, -0.007330, -0.004887, 22.000000, -1.900000, -45.500000
9.563877, -0.076617, 0.074223, 9.799767, -0.003665, -0.004887, 0.003665, 22.000000, -1.900000, -45.500000
9.580029, -0.098165, 0.047885, 9.823709, -0.004887, 0.006109, -0.009774, 22.100000, -1.800000, -45.500000
9.596766, -0.112531, 0.045491, 9.854836, 0.003665, 0.002443, -0.007330, 22.100000, -1.800000, -45.600002
9.614039, -0.146051, 0.045491, 9.802161, -0.003665, 0.003665, 0.012217, 22.000000, -1.800000, -45.600002
9.631771, -0.124502, 0.045491, 9.804555, -0.001222, -0.002443, 0.008552, 22.000000, -1.800000, -45.700001
9.646734, -0.117319, 0.045491, 9.814133, -0.008552, -0.001222, -0.009774, 22.000000, -1.800000, -45.700001
9.663634, -0.134079, 0.055068, 9.792584, 0.000000, 0.001222, 0.006109, 22.100000, -1.800000, -45.700001
9.681442, -0.136474, 0.045491, 9.814133, 0.001222, -0.004887, 0.003665, 22.100000, -1.800000, -45.600002
9.697228, -0.134079, 0.045491, 9.814133, 0.002443, -0.006109, 0.004887, 22.100000, -1.800000, -45.600002
9.713581, -0.150839, 0.045491, 9.785401, 0.002443, -0.004887, 0.004887, 22.100000, -1.800000, -45.600002
9.730518, -0.201119, 0.045491, 9.864412, -0.006109, -0.001222, -0.009774, 22.100000, -1.800000, -45.600002
9.748178, -0.162811, 0.045491, 9.799767, -0.001222, 0.007330, 0.008552, 22.200001, -1.800000, -45.700001
9.764314, -0.189148, 0.045491, 9.859624, 0.001222, -0.003665, -0.014661, 22.200001, -1.800000, -45.700001
9.781221, -0.162811, 0.045491, 9.859624, 0.009774, -0.010996, -0.015882, 22.100000, -1.800000, -45.700001
9.797659, -0.179571, 0.047885, 9.953000, -0.003665, -0.056200, 0.007330, 22.100000, -1.800000, -45.700001
9.815830, -0.114925, 0.316044, 9.859624, 0.001222, -0.135612, 0.083078, 22.100000, -1.800000, -45.700001
9.830972, 0.016760, 0.802082, 9.885961, 0.001222, -0.191812, 0.194255, 22.100000, -1.800000, -45.700001
9.847775, 0.033520, 0.644060, 9.852441, 0.004887, -0.204029, 0.387289, 22.000000, -1.800000, -45.799999
9.864674, -0.454912, -0.754197, 9.948212, -0.100182, -0.372628, 0.285885, 22.100000, -1.800000, -45.700001
9.882561, -0.373507, -0.821236, 9.565128, -0.354302, -0.389732, -0.013439, 21.900000, -1.800000, -45.700001
9.897729, -0.507586, 0.201119, 9.323306, -0.560774, -0.076969, 0.189368, 21.900000, -1.800000, -45.700001
9.914268, 0.143656, -0.210696, 11.030424, -0.849103, 0.185703, 0.649961, 21.900000, -1.800000, -45.700001
9.931604, 0.011971, -1.189955, 9.909904, -0.875981, 0.185703, 0.598648, 21.900000, -1.700000, -45.700001
9.948804, -0.397450, -0.641666, 11.056761, -0.690278, 0.423940, 0.553444, 21.800001, -1.600000, -45.600002
9.965013, 0.047885, -0.644060, 12.385584, -0.122173, 0.734260, 0.542448, 21.800001, -1.600000, -45.500000
9.981561, 1.144463, -0.574626, 12.993730, 0.582765, 0.772134, 0.415388, 21.700001, -1.500000, -45.500000
9.998108, -0.579414, 0.045491, 11.830112, 1.114218, 0.376293, 0.580322, 21.800001, -1.400000, -45.400002
10.016599, -1.709512, 0.189148, 10.589877, 1.275487, 0.056200, 1.125214, 21.800001, -1.400000, -45.400002
10.031450, -1.999219, 0.045491, 10.034406, 1.198518, -0.179594, 1.587028, 21.900000, -1.600000, -45.200001
10.048266, -2.233858, 0.090982, 9.627379, 1.091005, -0.313985, 1.903456, 21.900000, -1.700000, -45.100002
10.065198, -4.019988, 1.010384, 9.342461, 0.961502, -0.717156, 2.645046, 21.900000, -1.800000, -45.100002
10.083117, -2.743839, 0.146051, 9.567522, 0.916298, -1.356121, 3.813021, 22.000000, -2.200000, -44.900002
10.098917, -0.395055, -0.438152, 10.261862, 1.047023, -1.495398, 4.057367, 22.000000, -2.400000, -44.900002
10.115784, 0.857150, -0.160416, 10.582695, 1.281595, -1.528385, 3.940081, 21.500000, -3.900000, -44.900002
10.131468, -2.092596, 0.895459, 9.828498, 1.296256, -1.219287, 4.021937, 19.400000, -10.100000, -44.100002
10.148960, -4.242655, 1.252206, 8.473338, 1.183857, -0.933402, 4.841718, 17.000000, -14.300000, -46.100002
10.165041, -4.242655, 1.252206, 8.473338, 1.183857, -0.933402, 4.841718, 17.000000, -14.300000, -46.100002
10.181643, 4.582642, -1.479662, 9.969760, 1.121549, -0.781907, 5.204572, 12.800000, -18.700001, -45.700001
10.198989, 4.582642, -1.479662, 9.969760, 1.121549, -0.781907, 5.204572, 12.800000, -18.700001, -45.700001
10.216148, 4.101393, 1.206715, 9.931452, 1.307252, -0.485027, 3.207042, 10.300000, -22.800001, -44.600002
10.231797, -2.339206, 2.595394, 7.551543, 0.537561, -0.120951, 3.748269, 7.800000, -25.300001, -44.700001
10.249006, -3.737463, 0.921796, 6.337646, -0.311541, 0.032987, 5.068960, 5.800000, -26.700001, -44.400002
10.265909, 0.668003, -1.024750, 6.972128, -0.592539, 0.444710, 5.467244, 5.600000, -25.500000, -44.100002
10.283555, 4.853195, -2.485257, 10.324113, -0.204029, 0.079412, 4.937013, 1.800000, -26.600000, -43.900002
10.298492, 5.073468, -1.233052, 10.376787, 0.173486, 0.078191, 4.558277, 1.200000, -26.400000, -45.100002
10.315904, 3.871542, -0.816448, 10.460587, 0.475253, -0.094073, 4.418999, -0.500000, -27.600000, -46.000000
10.332201, 3.871542, -0.816448, 10.460587, 0.475253, -0.094073, 4.418999, -0.500000, -27.600000, -46.000000
10.349651, 3.871542, -0.816448, 10.460587, 0.475253, -0.094073, 4.418999, -0.500000, -27.600000, -46.000000
10.365832, 3.871542, -0.816448, 10.460587, 0.475253, -0.094073, 4.418999, -0.500000, -27.600000, -46.000000
10.382792, 2.916227, -0.023943, 9.040782, 1.358564, 0.404393, 4.885700, -7.900000, -26.600000, -45.000000
10.399302, 3.265791, 0.387873, 8.777411, 1.356121, 0.553444, 4.642576, -9.600000, -27.600000, -43.299999
10.416343, 3.215511, -0.445335, 8.552350, 0.825890, 0.182038, 4.230853, -9.900001, -27.400000, -43.900002
10.432233, 3.775771, -1.019961, 7.620977, 0.557109, 0.224798, 3.918090, -11.900001, -28.000000, -43.900002
10.449658, 1.671204, -0.644060, 7.965752, 0.153938, 0.312763, 3.700622, -12.700000, -27.200001, -43.299999
10.466663, 1.515576, -0.105348, 8.334471, -0.337198, 0.320093, 3.977954, -14.800000, -26.600000, -43.100002
10.483602, 2.727079, -0.502798, 9.002473, -0.381180, 0.378736, 3.893655, -14.600000, -26.500000, -42.799999
10.499131, 3.651269, -0.739831, 9.799767, -0.313985, 0.532674, 3.430619, -15.600000, -23.600000, -44.799999
10.516839, 3.023969, -0.371113, 10.391152, -0.042761, 0.323759, 2.747672, -16.400000, -23.100000, -43.100002
10.533353, 2.789330, -0.763774, 10.237919, 0.350637, 0.157603, 2.338392, -17.300001, -22.800001, -45.900002
10.550581, 2.528354, -1.197137, 9.785401, 0.531453, 0.029322, 2.236989, -17.400000, -22.700001, -45.100002
10.566338, 0.033520, -2.276955, 11.233937, 0.769690, 0.431271, 2.420248, -18.400000, -21.600000, -44.500000
10.582838, -0.026337, -2.032739, 9.270632, 0.897972, 0.194255, 2.614503, -18.300001, -21.800001, -44.299999
10.599882, 2.842004, -2.226676, 8.978531, 1.020145, 0.508240, 2.549752, -19.000000, -21.100000, -44.500000
10.617952, 4.517997, -2.231464, 9.897932, 1.039693, 0.596204, 2.217441, -19.500000, -21.100000, -43.299999
10.632878, 2.657645, -1.070241, 9.244295, 0.742812, 0.373850, 1.580919, -20.000000, -21.700001, -44.000000
10.649777, 0.598569, -0.385478, 6.888329, -0.270002, 0.296881, 1.087340, -20.200001, -21.400000, -43.700001
10.666516, 1.929785, -1.546702, 5.183605, -1.604132, 0.131947, 0.874759, -21.100000, -21.800001, -44.000000
10.684717, 1.505999, -2.528354, 8.595447, -2.411696, -0.051313, 0.899194, -20.300001, -20.600000, -44.400002
10.700248, 1.680781, -1.204320, 22.046482, -0.621861, 0.037874, 0.880868, -20.800001, -18.100000, -45.900002
10.718029, 0.828419, -2.219493, 8.037580, -0.568105, 0.117286, 0.899194, -21.300001, -17.700001, -45.200001
10.733297, -1.098972, -1.975277, 9.553157, -0.505796, 0.331089, 1.312139, -21.900000, -17.700001, -45.200001
10.750805, -1.436565, -3.112557, 11.272245, -0.004887, 0.379958, 2.499660, -21.600000, -16.700001, -45.000000
10.766731, 2.169213, -3.668029, 10.254679, 0.246790, 0.778242, 2.762333, -21.400000, -16.000000, -45.100002
10.783358, 3.730280, -1.893871, 9.854836, 0.111177, 0.532674, 2.372601, -21.500000, -15.300000, -45.000000
10.800506, -0.586597, -0.976864, 9.160496, -0.349415, 0.340863, 2.050064, -21.800001, -14.700000, -46.299999
10.818152, -1.321640, -1.685570, 11.123801, -0.212581, 0.879646, 2.680477, -22.400000, -13.700000, -45.500000
10.833324, -0.636877, -2.066259, 11.715187, 0.248011, 1.835039, 3.335324, -21.600000, -13.100000, -45.299999
10.851003, 0.541106, -1.769369, 11.825323, 0.445932, 2.212554, 3.546684, -20.900000, -11.400001, -46.500000
10.867653, -2.121327, -2.001614, 10.884374, 0.536340, 2.371379, 3.927864, -20.500000, -10.500000, -47.299999
10.884319, -2.121327, -2.001614, 10.884374, 0.536340, 2.371379, 3.927864, -20.500000, -10.500000, -47.299999
10.900665, -2.121327, -2.001614, 10.884374, 0.536340, 2.371379, 3.927864, -20.500000, -10.500000, -47.299999
10.917035, -2.121327, -2.001614, 10.884374, 0.536340, 2.371379, 3.927864, -20.500000, -10.500000, -47.299999
10.933552, -2.121327, -2.001614, 10.884374, 0.536340, 2.371379, 3.927864, -20.500000, -10.500000, -47.299999
10.951483, -2.121327, -2.001614, 10.884374, 0.536340, 2.371379, 3.927864, -20.500000, -10.500000, -47.299999
10.966969, -2.121327, -2.001614, 10.884374, 0.536340, 2.371379, 3.927864, -20.500000, -10.500000, -47.299999
10.984326, -2.121327, -2.001614, 10.884374, 0.536340, 2.371379, 3.927864, -20.500000, -10.500000, -47.299999
11.001217, -2.121327, -2.001614, 10.884374, 0.536340, 2.371379, 3.927864, -20.500000, -10.500000, -47.299999
11.017924, -2.121327, -2.001614, 10.884374, 0.536340, 2.371379, 3.927864, -20.500000, -10.500000, -47.299999
11.034575, -2.121327, -2.001614, 10.884374, 0.536340, 2.371379, 3.927864, -20.500000, -10.500000, -47.299999
11.051090, -6.237086, 1.328822, 9.330489, -3.517362, 3.334102, 1.875356, 9.500000, -9.800000, -50.900002
11.067571, -5.988081, 1.223474, 9.814133, -3.433063, 3.257133, 1.772731, 9.500000, -9.800000, -50.900002
11.085427, -5.595420, 1.426988, 8.039975, -3.213151, 2.605951, 1.446529, 13.900001, -5.900000, -50.900002
11.101334, -5.492466, 0.756591, 5.406272, -3.020118, 0.948063, 1.142318, 14.900001, -3.200000, -47.500000
11.118002, -6.476513, 0.064645, 4.671230, -2.811202, -1.802052, 1.189965, 14.900001, -1.500000, -47.900002
11.135158, -5.569083, -0.064645, 3.988862, -2.300519, -4.988326, 1.191187, 13.500000, 0.900000, -48.500000
11.151885, -4.604190, 0.043097, 3.656058, -2.202780, -6.409198, 1.010371, 11.700000, 2.200000, -50.700001
11.168104, -3.725492, 0.196331, 7.072688, -2.073277, -7.834958, 0.930959, 7.200000, 4.300000, -51.400002
11.184640, -4.913052, 0.387873, 8.497281, -1.667662, -6.244265, 1.029919, 0.300000, 6.000000, -50.600002
11.200886, -4.276175, 0.418998, 9.545974, -0.770912, -3.007900, 1.199739, -2.300000, 5.900000, -50.100002
11.219505, -1.386285, -1.247417, 8.605023, -0.520457, -1.679879, 1.324356, -4.900000, 6.800000, -50.200001
11.235136, -1.546702, -1.041510, 8.549955, -0.910189, -2.373822, 1.238835, -5.200000, 7.300000, -49.900002
11.251945, -2.703136, -0.677580, 9.349643, -1.214400, -1.328021, 1.456303, -6.200000, 8.600000, -49.900002
11.268456, -2.581028, -0.282524, 9.174861, -1.437977, -0.171042, 1.810605, -7.500000, 10.500000, -48.700001
11.286511, -2.071048, 0.122108, 10.683254, -1.802052, 0.175929, 1.957212, -7.500000, 11.100000, -48.400002
11.301869, -1.970488, -0.426181, 11.842083, -1.556485, -0.003665, 1.683545, -6.900000, 13.400001, -48.400002
11.318452, -3.282551, -0.560260, 12.684868, -1.077566, -0.723264, 1.474629, -6.600000, 14.600000, -47.500000
11.334646, -3.340013, -0.395055, 11.877997, -0.597426, -0.801455, 1.522276, -6.200000, 15.700000, -47.799999
11.352998, -3.505218, -0.964893, 11.372806, -0.522901, -0.912633, 1.660332, -6.800000, 16.600000, -48.100002
11.368595, -3.869148, -0.917007, 10.443827, -0.667065, -0.937067, 1.820378, -6.000000, 16.500000, -47.200001
11.385025, -3.313676, -0.976864, 9.021627, -1.281595, -0.563218, 2.139250, -6.200000, 17.300001, -46.299999
11.401714, -2.949747, -2.298504, 10.790997, -1.706758, -0.437380, 2.416583, -6.200000, 18.400000, -46.600002
11.419783, -2.516383, -2.451737, 11.315343, -1.681101, -0.006109, 2.555860, -6.100000, 19.900000, -45.799999
11.435302, -1.479662, -2.889890, 10.771842, -1.499063, 0.625526, 2.524095, -4.800000, 20.900000, -45.500000
11.451548, -1.393468, -2.995238, 10.774237, -1.499063, 0.625526, 2.524095, -4.500000, 21.700001, -45.799999
11.468796, -1.336005, -2.724685, 12.256292, -0.642630, 0.410501, 2.113594, -2.000000, 24.000000, -44.500000
11.486593, -0.914613, -2.154847, 11.593079, -0.101404, 0.116064, 1.748296, -1.600000, 23.600000, -44.700001
11.501770, -1.683175, -2.655251, 9.859624, 0.221133, 0.109956, 1.540602, -1.100000, 23.800001, -43.799999
11.518803, -2.375121, -3.600989, 9.823709, 0.361632, 0.183260, 1.380556, -0.100000, 24.300001, -43.700001
11.536061, -0.964893, -1.879506, 9.416683, 0.295659, -0.665843, 1.110553, 0.200000, 25.100000, -42.400002
11.552656, -2.418218, -1.321640, 9.282603, 0.310320, -0.827112, 1.010371, 0.100000, 24.100000, -43.400002
11.569206, -4.683201, -1.029538, 4.348003, 0.118508, 0.065973, 1.803274, 1.000000, 24.300001, -43.299999
11.585874, -4.869955, -0.203513, 3.912245, -0.801455, -0.174707, 2.012190, 2.300000, 23.700001, -44.700001
11.602808, -3.756617, 0.306467, 7.288173, -1.720196, 0.039095, 2.775772, 2.600000, 24.600000, -43.200001
11.620638, -1.462902, -0.672791, 8.597841, -1.688432, -0.206472, 2.670703, 3.800000, 25.500000, -41.700001
11.636258, -2.341601, 0.028731, 9.924269, -1.466077, -0.421497, 2.362827, 4.500000, 25.600000, -41.600002
11.652593, -5.478101, -0.639271, 9.876384, -1.001819, -0.298102, 2.748893, 6.400000, 27.300001, -40.500000
11.669443, -7.077477, -1.920208, 8.700794, -0.827112, -0.679282, 3.448945, 7.200000, 27.100000, -41.100002
11.687608, -6.687210, -3.263397, 7.053534, -0.962724, -1.182635, 4.361578, 7.900000, 26.700001, -39.299999
11.702611, -6.186806, -2.925804, 6.835655, -1.095892, -1.262048, 4.730540, 9.200000, 26.300001, -39.200001
11.719947, -6.569890, -2.042316, 7.556331, -1.181413, -1.235170, 5.478240, 11.200000, 26.300001, -39.400002
11.736859, -3.562681, -0.979258, 9.469357, -0.929737, -0.979828, 5.737247, 14.200000, 25.700001, -37.299999
11.753588, -3.270579, -1.307274, 10.630580, -0.348193, -0.645074, 5.704260, 15.400001, 25.600000, -37.400002
11.769858, -3.598595, -2.027951, 10.319324, 0.064752, -0.797790, 5.787337, 16.900000, 24.200001, -38.000000
11.785821, -2.897073, -2.794119, 9.763853, 0.464258, -1.600467, 5.836206, 20.700001, 21.300001, -37.600002
11.803294, -0.107742, -2.154847, 9.399923, 0.569326, -1.599245, 5.247333, 21.900000, 19.700001, -38.400002
11.820678, -0.260976, -1.357554, 8.964165, 0.592539, -1.138653, 4.188092, 22.700001, 16.500000, -40.200001
11.836012, -2.832427, -1.843592, 8.760652, 0.641409, -1.058019, 3.902207, 24.600000, 13.700000, -40.200001
11.853463, -3.557892, -1.869929, 8.578687, 0.656069, -1.039693, 3.891212, 24.200001, 12.000000, -39.900002
11.870597, -1.522759, -2.449343, 6.397502, 0.320093, -0.059865, 4.096462, 24.600000, 8.500000, -40.799999
11.887465, -0.349564, -2.310475, 6.059909, -0.090408, 0.697608, 3.663970, 24.900000, 7.200000, -40.200001
11.903800, -0.399844, -0.083800, 9.857229, -1.214400, -0.079412, 2.464230, 28.000000, 4.500000, -40.700001
11.919868, -0.852362, 0.782928, 8.516436, -1.466077, -0.379958, 2.228436, 27.000000, 3.700000, -40.700001
11.936933, -1.087001, 1.424594, 7.963358, -1.759292, -0.597426, 2.042733, 27.000000, 3.100000, -40.700001
11.955087, -1.625713, 0.193936, 9.234718, -2.160019, -1.001819, 2.067168, 27.400000, 3.400000, -41.000000
11.969674, -1.829226, -0.466884, 9.287392, -2.320066, -1.384221, 2.136807, 26.400000, 3.800000, -40.700001
11.986601, -2.176396, -0.756591, 8.923462, -2.394592, -1.594358, 2.117259, 26.700001, 4.000000, -40.400002
12.003266, 0.634483, -2.597788, 8.487704, -3.108082, -1.105666, 1.651780, 24.400000, 5.100000, -42.200001
12.021030, 1.551490, -2.619337, 8.454185, -3.310890, -0.609644, 1.286482, 24.300001, 6.100000, -41.900002
12.037300, 1.822043, -2.274561, 10.618608, -3.204599, -0.388510, 0.591318, 23.500000, 8.000000, -40.799999
12.054328, 1.381497, -2.332024, 11.312948, -2.930931, -0.448375, 0.406836, 23.900000, 9.000000, -41.400002
12.070163, 0.835602, -2.655251, 12.045596, -2.542421, -0.493579, 0.287107, 23.600000, 10.100000, -40.799999
12.087485, -1.934574, -0.763774, 6.110189, 1.020145, -0.059865, 0.586431, 24.300001, 10.100000, -41.299999
12.103397, -1.247417, -1.623318, 7.158882, 1.020145, -0.059865, 0.586431, 24.300001, 10.100000, -41.299999
12.120346, -0.011971, -2.104568, 9.964972, 1.120327, -0.266337, 0.344528, 23.800001, 7.300000, -42.000000
12.137089, -0.354353, -2.205127, 10.003280, 0.895528, -0.149051, 0.279776, 23.700001, 7.000000, -41.799999
12.154665, -0.550683, -1.383891, 9.694419, 0.789238, 0.019548, 0.316428, 23.100000, 6.400000, -42.299999
12.171094, 0.347170, -0.474066, 10.213976, 0.790460, -0.041539, 0.317650, 23.000000, 6.300000, -43.299999
12.186995, -0.040703, -0.131685, 10.187639, 0.766025, -0.204029, 0.322537, 23.100000, 6.600000, -42.600002
12.204274, -0.646454, 0.196331, 9.974549, 0.691499, -0.346971, 0.412945, 22.500000, 6.100000, -42.900002
12.222023, -0.021548, -0.811659, 9.603436, 0.711047, -0.509462, 0.470366, 22.500000, 5.700000, -43.200001
12.237130, 0.725465, -2.353572, 10.424672, 0.825890, -0.465479, 0.383623, 22.400000, 5.400000, -43.700001
12.254771, 1.177983, -2.897073, 11.198023, 0.813672, -0.971276, 0.249233, 22.100000, 5.300000, -43.700001
12.270973, -1.795706, 1.113338, 10.295382, 0.659734, -0.891863, 0.390954, 21.600000, 5.200000, -44.100002
12.288328, 0.361535, 0.045491, 9.294575, 0.492357, -0.665843, 0.667065, 21.300001, 5.100000, -44.100002
12.304693, 2.425400, -3.284945, 10.388759, 0.471588, -0.679282, -0.273668, 20.600000, 4.200000, -44.799999
12.321594, 0.129291, -1.338400, 9.519637, 0.486249, -0.659734, -0.400728, 20.000000, 3.700000, -45.000000
12.337291, -0.555472, 0.107742, 9.529214, 0.359189, -0.504575, -0.233351, 19.500000, 3.100000, -45.200001
12.355740, 0.213090, -0.778139, 8.674458, 0.221133, -0.062308, 0.210138, 18.900000, 2.400000, -45.700001
12.371434, 0.069434, -0.871516, 10.079897, 0.309098, -0.135612, 0.453262, 18.700001, 1.900000, -46.600002
12.387714, 0.634483, -0.560260, 9.651321, 0.426384, -0.251676, 0.785573, 18.800001, 1.800000, -46.600002
12.404427, 1.486845, -0.706311, 8.858817, 0.376293, -0.094073, 0.602313, 18.400000, 0.900000, -46.100002
12.422381, 1.003201, -1.146858, 9.526819, 0.313985, 0.073304, 0.574213, 18.300001, 0.800000, -46.200001
12.438659, 2.439766, -1.127703, 9.862018, 0.282220, 0.012217, 0.338419, 18.000000, 0.400000, -47.200001
12.455221, 0.325621, 0.950527, 9.656111, 0.169821, 0.090408, 0.146608, 18.100000, 0.300000, -46.600002
12.471836, -0.040703, 0.775745, 9.771035, 0.163712, 0.091630, 0.244346, 18.300001, 0.100000, -46.500000
12.489366, 0.354353, 0.371113, 9.821315, 0.219911, 0.124617, 0.393397, 18.300001, 0.200000, -46.500000
12.504659, 0.778139, 0.165205, 7.795759, -0.092852, 0.530231, 0.300546, 18.200001, 0.000000, -46.700001
12.521878, -0.201119, -0.074223, 7.556331, 0.028100, 1.356121, 0.223577, 18.000000, -0.400000, -46.900002
12.538095, 3.711126, 0.744619, 15.897985, 0.310320, 4.089132, -0.008552, 17.900000, -0.800000, -47.000000
12.556058, -3.239454, 0.718282, 21.249189, -0.133169, 0.316428, 0.062308, 17.900000, -1.000000, -47.100002
12.571890, 0.287313, -0.335198, 8.688824, -0.098960, -0.640187, 0.025656, 18.000000, -1.400000, -47.100002
12.588717, -0.086194, 0.229850, 9.888355, 0.010996, 0.175929, -0.024435, 18.100000, -1.700000, -46.900002
12.605188, 0.004789, 0.220273, 9.574705, 0.010996, 0.293215, -0.053756, 18.200001, -1.800000, -46.900002
12.623485, -0.083800, 0.045491, 9.574705, 0.029322, 0.607200, -0.032987, 18.400000, -2.100000, -46.799999
12.639360, 0.079011, 0.038308, 9.706390, -0.036652, 0.107512, -0.019548, 18.500000, -2.200000, -46.799999
12.655071, 0.079011, 0.038308, 9.706390, -0.036652, 0.107512, -0.019548, 18.500000, -2.200000, -46.799999
12.671935, 0.064645, -0.277736, 9.857229, 0.004887, 0.002443, -0.068417, 19.100000, -2.600000, -46.400002
12.690032, 0.258582, -0.794899, 9.850046, 0.010996, 0.010996, -0.108734, 19.300001, -2.700000, -46.400002
12.705740, -0.155628, -0.890670, 9.826104, -0.001222, -0.008552, -0.206472, 19.600000, -2.800000, -46.299999
12.721865, -0.007183, -0.155628, 9.816526, 0.013439, 0.009774, -0.152716, 20.000000, -2.900000, -46.200001
12.738648, -0.462095, 0.045491, 9.799767, 0.017104, -0.007330, -0.141721, 20.200001, -3.000000, -46.000000
12.756386, -0.926584, 0.840390, 9.744699, 0.004887, -0.009774, -0.024435, 20.500000, -3.000000, -45.900002
12.772528, -0.270553, 1.065452, 9.840469, 0.003665, -0.009774, -0.021991, 20.800001, -3.100000, -45.799999
12.789156, -0.136474, 0.964893, 9.852441, 0.001222, 0.000000, 0.001222, 21.000000, -3.100000, -45.700001
12.805504, -0.031126, 0.184359, 9.828498, 0.000000, -0.004887, 0.004887, 21.300001, -3.200000, -45.600002
12.823758, 0.636877, -0.423787, 9.852441, 0.009774, 0.003665, -0.098960, 21.600000, -3.100000, -45.500000
12.839579, -0.694340, 0.138868, 9.780613, 0.008552, -0.010996, -0.114843, 21.900000, -3.100000, -45.400002
12.855941, -0.407027, 0.313650, 9.766247, 0.001222, 0.001222, -0.061087, 21.900000, -3.100000, -45.299999
12.873091, -0.344776, 0.136474, 9.809344, 0.001222, 0.003665, -0.045204, 21.900000, -3.100000, -45.400002
12.890038, -0.407027, 0.141262, 9.830893, 0.009774, 0.000000, -0.020769, 22.000000, -3.000000, -45.500000
12.905891, -0.483644, 0.215485, 9.830893, -0.003665, -0.002443, -0.028100, 22.000000, -3.000000, -45.600002
12.922509, -0.280130, -0.007183, 9.806950, 0.003665, 0.003665, 0.001222, 22.000000, -3.000000, -45.500000
12.939993, -0.222668, 0.035914, 9.804555, -0.003665, 0.003665, 0.008552, 22.000000, -3.000000, -45.500000
12.956159, -0.174782, 0.045491, 9.823709, 0.001222, -0.002443, 0.010996, 22.000000, -3.000000, -45.600002
12.973024, 0.033520, 0.074223, 9.830893, -0.001222, 0.006109, -0.008552, 22.100000, -2.900000, -45.600002
12.989331, 0.296890, 0.076617, 9.823709, -0.007330, -0.001222, -0.068417, 22.000000, -2.900000, -45.600002
13.006970, -0.232245, 0.112531, 9.859624, 0.003665, 0.001222, -0.003665, 22.100000, -2.900000, -45.600002
13.023359, -0.124502, 0.086194, 9.835681, -0.003665, 0.008552, 0.000000, 22.100000, -2.800000, -45.600002
13.039906, -0.158022, 0.086194, 9.814133, -0.004887, 0.001222, -0.001222, 22.100000, -2.800000, -45.600002
13.055983, -0.186753, 0.045491, 9.833286, -0.004887, 0.000000, -0.008552, 22.100000, -2.800000, -45.600002
13.073845, -0.191542, 0.045491, 9.826104, -0.003665, 0.001222, -0.002443, 22.100000, -2.800000, -45.700001
13.090174, -0.198725, 0.045491, 9.847652, 0.001222, 0.000000, -0.013439, 22.100000, -2.700000, -45.700001
13.107181, 1.046298, -0.138868, 9.797373, 0.006109, -0.004887, -0.047647, 22.100000, -2.700000, -45.799999
13.123592, 0.761379, -0.107742, 9.823709, -0.008552, -0.008552, -0.248011, 22.000000, -2.800000, -45.799999
13.141324, -0.905036, 0.124502, 9.620196, -0.001222, 0.008552, -0.182038, 22.100000, -2.800000, -45.900002
13.156242, -0.249005, 0.045491, 9.859624, -0.003665, 0.000000, -0.166155, 22.100000, -2.700000, -45.900002
13.173346, -0.871516, 0.141262, 9.821315, -0.009774, 0.003665, -0.124617, 22.100000, -2.700000, -45.900002
13.190256, -0.213090, 0.057463, 9.823709, 0.001222, 0.007330, -0.002443, 22.100000, -2.700000, -46.000000
13.207248, -0.119714, 0.047885, 9.809344, -0.002443, 0.003665, -0.004887, 22.100000, -2.700000, -45.900002
13.223094, -0.246610, 0.045491, 9.814133, -0.002443, 0.002443, -0.042761, 22.100000, -2.600000, -46.000000
13.240111, -0.478855, 0.062251, 9.857229, 0.001222, 0.006109, -0.020769, 22.100000, -2.600000, -46.100002
13.257326, -0.287313, 0.045491, 9.826104, -0.003665, -0.003665, 0.007330, 22.100000, -2.600000, -46.100002
13.274489, -0.222668, 0.045491, 9.809344, 0.004887, 0.003665, 0.000000, 22.100000, -2.600000, -46.200001
13.289982, -0.208302, 0.045491, 9.814133, 0.003665, -0.002443, 0.004887, 22.100000, -2.600000, -46.200001
13.306709, -0.366324, 0.059857, 10.587483, 0.008552, -0.040317, 0.001222, 22.100000, -2.600000, -46.200001
13.323865, -0.086194, 0.155628, 9.919480, -0.014661, 0.003665, 0.009774, 22.000000, -2.600000, -46.200001
13.341545, -0.038308, 0.050280, 9.249084, 0.013439, -0.007330, 0.002443, 22.100000, -2.600000, -46.200001
13.356956, -0.232245, 0.045491, 9.914692, -0.008552, 0.001222, 0.003665, 22.000000, -2.600000, -46.200001
13.374655, -0.148445, 0.026337, 9.809344, 0.008552, 0.004887, 0.002443, 22.100000, -2.500000, -46.200001
13.390687, -0.215485, -0.011971, 9.929058, -0.004887, 0.009774, 0.000000, 22.100000, -2.500000, -46.200001
13.408517, -0.201119, 0.000000, 9.850046, 0.004887, 0.002443, -0.003665, 22.100000, -2.500000, -46.200001
13.423831, -0.215485, 0.000000, 9.737515, 0.004887, -0.002443, 0.000000, 22.100000, -2.400000, -46.000000
13.441214, -0.208302, 0.007183, 9.864412, 0.003665, 0.003665, 0.004887, 22.100000, -2.400000, -46.000000
13.457877, -0.181965, 0.045491, 9.806950, 0.002443, -0.002443, 0.000000, 22.100000, -2.500000, -46.100002
13.474999, -0.172388, 0.050280, 9.826104, 0.000000, -0.002443, 0.007330, 22.100000, -2.500000, -46.100002
13.490793, -0.160416, 0.083800, 9.833286, 0.000000, 0.004887, 0.002443, 22.100000, -2.500000, -46.000000
13.507705, -0.150839, 0.126897, 9.818921, 0.002443, -0.003665, 0.010996, 22.000000, -2.400000, -46.000000
13.524273, -0.129291, 0.146051, 9.814133, 0.000000, -0.003665, -0.006109, 22.100000, -2.500000, -46.000000
13.542080, 0.126897, 0.081405, 9.811738, -0.001222, -0.001222, -0.075747, 22.100000, -2.400000, -45.900002
13.557474, -0.220273, 0.112531, 9.816526, -0.006109, 0.001222, -0.039095, 22.100000, -2.400000, -45.900002
13.574036, -0.057463, 0.045491, 9.821315, -0.007330, -0.001222, -0.041539, 22.000000, -2.400000, -45.900002
13.591337, -0.186753, 0.045491, 9.821315, -0.001222, 0.002443, -0.029322, 22.000000, -2.400000, -45.900002
13.608550, -0.268159, 0.045491, 9.816526, 0.008552, 0.007330, -0.020769, 22.000000, -2.400000, -45.900002
13.624652, -0.316044, 0.045491, 9.823709, 0.009774, -0.004887, -0.004887, 22.000000, -2.400000, -45.900002
13.641442, -0.222668, 0.031126, 9.811738, 0.003665, -0.003665, 0.002443, 22.000000, -2.400000, -45.900002
13.657539, -0.234639, 0.035914, 9.814133, 0.004887, -0.002443, 0.001222, 22.100000, -2.400000, -45.799999
